X,Y,Z
-0.8121170997619629,0.9567999839782715,1.793576955795288
-0.1252543330192566,0.9567999839782715,2.0026166439056396
0.08627194911241531,0.9567999839782715,1.8894962072372437
0.2532130777835846,0.9567999839782715,-2.116529941558838
-0.15700781345367432,0.9567999839782715,-2.0835459232330322
-0.05239025130867958,0.9567999839782715,-1.9775068759918213
-1.3825184106826782,0.9567999839782715,1.3871864080429077
-0.6028925180435181,0.9567999839782715,1.7119182348251343
14.414498329162598,0.9567999839782715,-2.1363370418548584
14.009438514709473,0.9567999839782715,-2.1307928562164307
13.935232162475586,0.9567999839782715,-2.0268821716308594
8.887828826904297,0.9567999839782715,-1.7420563697814941
8.906462669372559,0.9567999839782715,-1.9252805709838867
8.062222480773926,0.9567999839782715,-1.9079453945159912
-0.6036024689674377,0.9567999839782715,-1.9716912508010864
-0.49024975299835205,0.9567999839782715,-1.873676061630249
9.58057689666748,0.9567999839782715,1.9056556224822998
10.407934188842773,0.9567999839782715,1.9223378896713257
10.345648765563965,0.9567999839782715,1.7431397438049316
0.531231164932251,0.9567999839782715,2.052377223968506
0.7159486413002014,0.9567999839782715,1.9269040822982788
15.193614959716797,0.9567999839782715,1.9940327405929565
15.90261173248291,0.9567999839782715,1.7691105604171753
15.672987937927246,0.9567999839782715,1.6949450969696045
-1.032294511795044,0.9567999839782715,-1.7566066980361938
-1.4275249242782593,0.9567999839782715,-1.4202780723571777
-1.2953695058822632,0.9567999839782715,-1.3476104736328125
-1.9413533210754395,0.9567999839782715,-0.39695486426353455
-1.9541724920272827,0.9567999839782715,0.21409252285957336
-1.7890045642852783,0.9567999839782715,0.21798987686634064
-0.9107425808906555,0.9567999839782715,-1.6698722839355469
2.4804978370666504,0.9567999839782715,-2.0563666820526123
1.9559355974197388,0.9567999839782715,-2.0851430892944336
2.020172357559204,0.9567999839782715,-1.9630851745605469
13.080867767333984,0.9567999839782715,-1.9765044450759888
13.146768569946289,0.9567999839782715,-2.0952250957489014
12.651013374328613,0.9567999839782715,-2.070237636566162
-1.771917700767517,0.9567999839782715,0.8315649628639221
-1.7506413459777832,0.9567999839782715,-0.9545323848724365
0.6565052270889282,0.9567999839782715,-2.119953155517578
0.3455193042755127,0.9567999839782715,-2.0086770057678223
16.49130630493164,0.9567999839782715,1.321928858757019
-1.6064084768295288,0.9567999839782715,-0.9015090465545654
16.871023178100586,0.9567999839782715,0.7153998017311096
17.01702117919922,0.9567999839782715,0.05492866784334183
16.843812942504883,0.9567999839782715,0.07273633778095245
16.683500289916992,0.9567999839782715,0.7086536884307861
-1.1922311782836914,0.9567999839782715,1.3391917943954468
13.594319343566895,0.9567999839782715,-2.1160290241241455
4.016839504241943,0.9567999839782715,1.7880829572677612
3.9361250400543213,0.9567999839782715,1.9535514116287231
4.746973514556885,0.9567999839782715,1.931413173675537
1.4881490468978882,0.9567999839782715,-2.106412887573242
1.5556927919387817,0.9567999839782715,-1.9924113750457764
15.753325462341309,0.9567999839782715,-1.9161654710769653
15.252142906188965,0.9567999839782715,-2.074805498123169
15.138922691345215,0.9567999839782715,-1.9724177122116089
16.939979553222656,0.9567999839782715,-0.5931755304336548
16.77846908569336,0.9567999839782715,-0.5531512498855591
8.770785331726074,0.9567999839782715,1.8932743072509766
9.537656784057617,0.9567999839782715,1.7197651863098145
16.662824630737305,0.9567999839782715,-1.1648715734481812
16.5081787109375,0.9567999839782715,-1.1021820306777954
16.246231079101562,0.9567999839782715,-1.6161826848983765
16.101961135864258,0.9567999839782715,-1.5343642234802246
1.1270108222961426,0.9567999839782715,2.0479304790496826
1.7508349418640137,0.9567999839782715,2.0330960750579834
1.885899305343628,0.9567999839782715,1.8980956077575684
1.2829748392105103,0.9567999839782715,1.9193848371505737
9.733722686767578,0.9567999839782715,-1.7781641483306885
9.76499080657959,0.9567999839782715,-1.952173113822937
1.061712384223938,0.9567999839782715,-2.119061231613159
1.1342730522155762,0.9567999839782715,-2.010240316390991
0.7373979091644287,0.9567999839782715,-2.0126748085021973
7.236227989196777,0.9567999839782715,-1.8966008424758911
7.241819858551025,0.9567999839782715,-1.7046756744384766
11.339533805847168,0.9567999839782715,-1.861556887626648
11.390381813049316,0.9567999839782715,-2.012695789337158
10.620794296264648,0.9567999839782715,-1.9840856790542603
15.622261047363281,0.9567999839782715,-1.8201041221618652
5.622222423553467,0.9567999839782715,1.7333000898361206
5.58078670501709,0.9567999839782715,1.9145265817642212
6.391914367675781,0.9567999839782715,1.902355432510376
6.404177665710449,0.9567999839782715,-1.9013800621032715
5.552656650543213,0.9567999839782715,-1.9188600778579712
5.582987308502197,0.9567999839782715,-1.7370433807373047
6.415428638458252,0.9567999839782715,1.7160674333572388
7.1849775314331055,0.9567999839782715,1.893094539642334
14.588667869567871,0.9567999839782715,-2.3635025024414062
14.165687561035156,0.9567999839782715,-2.3628735542297363
14.123640060424805,0.9567999839782715,-2.297231912612915
14.97488021850586,0.9567999839782715,-2.294217824935913
14.541380882263184,0.9567999839782715,-2.2988929748535156
14.4849853515625,0.9567999839782715,-2.2229366302490234
3.2634122371673584,0.9567999839782715,1.8250799179077148
3.1640303134918213,0.9567999839782715,1.9802525043487549
15.031100273132324,0.9567999839782715,-2.3611793518066406
11.2042818069458,0.9567999839782715,1.9438488483428955
11.122660636901855,0.9567999839782715,1.7733054161071777
7.97514009475708,0.9567999839782715,1.8896634578704834
7.966243267059326,0.9567999839782715,1.698065996170044
3.853309392929077,0.9567999839782715,-1.981789469718933
3.111325740814209,0.9567999839782715,-2.0205352306365967
3.169107675552368,0.9567999839782715,-1.8748869895935059
12.009194374084473,0.9567999839782715,-1.9024224281311035
12.06662368774414,0.9567999839782715,-2.0419881343841553
13.524556159973145,0.9567999839782715,-2.0056607723236084
10.57863712310791,0.9567999839782715,-1.8217103481292725
4.808036804199219,0.9567999839782715,1.7571033239364624
13.938027381896973,0.9567999839782715,2.031404972076416
14.522351264953613,0.9567999839782715,2.041069984436035
14.325849533081055,0.9567999839782715,1.9134459495544434
8.745737075805664,0.9567999839782715,1.7028367519378662
4.678855895996094,0.9567999839782715,-1.9463040828704834
3.904874324798584,0.9567999839782715,-1.8222366571426392
16.368619918823242,0.9567999839782715,1.9381767511367798
16.477954864501953,0.9567999839782715,1.972373366355896
17.027074813842773,0.9567999839782715,1.4329816102981567
12.588722229003906,0.9567999839782715,-1.9417496919631958
6.422053337097168,0.9567999839782715,-1.7125160694122314
4.72098445892334,0.9567999839782715,-1.7742924690246582
17.379201889038086,0.9567999839782715,0.7471333742141724
17.280014038085938,0.9567999839782715,0.7453427314758301
2.54202938079834,0.9567999839782715,-1.9237422943115234
13.330485343933105,0.9567999839782715,2.0136570930480957
13.772931098937988,0.9567999839782715,1.8980307579040527
2.4324238300323486,0.9567999839782715,2.008629560470581
2.5495803356170654,0.9567999839782715,1.8641902208328247
16.66227912902832,0.9567999839782715,1.3538161516189575
17.029787063598633,0.9567999839782715,0.7229743599891663
17.201372146606445,0.9567999839782715,-0.6561679244041443
16.9093074798584,0.9567999839782715,-1.2679020166397095
16.796846389770508,0.9567999839782715,-1.2175319194793701
14.825772285461426,0.9567999839782715,-2.1279189586639404
14.333206176757812,0.9567999839782715,-2.035996675491333
14.73117446899414,0.9567999839782715,-2.026719093322754
16.47224998474121,0.9567999839782715,-1.7507555484771729
16.37081527709961,0.9567999839782715,-1.6857151985168457
16.803434371948242,0.9567999839782715,1.387532353401184
17.164731979370117,0.9567999839782715,0.73521488904953
11.95810317993164,0.9567999839782715,1.9662659168243408
11.857136726379395,0.9567999839782715,1.804843783378601
-1.2495466470718384,0.9567999839782715,1.967037320137024
-0.5925392508506775,0.9567999839782715,2.2549121379852295
-0.4621317684650421,0.9567999839782715,2.1841588020324707
12.668951988220215,0.9567999839782715,1.9900884628295898
12.548288345336914,0.9567999839782715,1.8382620811462402
16.09101676940918,0.9567999839782715,1.8316353559494019
16.24226951599121,0.9567999839782715,1.8898653984069824
16.923160552978516,0.9567999839782715,1.4157581329345703
13.189096450805664,0.9567999839782715,1.8717643022537231
-1.130284070968628,0.9567999839782715,1.9190523624420166
-0.3080606162548065,0.9567999839782715,2.1000568866729736
17.305234909057617,0.9567999839782715,-0.6822918057441711
17.005313873291016,0.9567999839782715,-1.3114193677902222
17.165536880493164,0.9567999839782715,0.041383687406778336
15.429537773132324,0.9567999839782715,-2.2439332008361816
14.908395767211914,0.9567999839782715,-2.2160966396331787
17.080062866210938,0.9567999839782715,-0.6261937022209167
15.55591106414795,0.9567999839782715,-2.3702409267425537
15.079999923706055,0.9567999839782715,-2.4175469875335693
15.496635437011719,0.9567999839782715,-2.3126165866851807
16.558544158935547,0.9567999839782715,-1.8066182136535645
0.17348836362361908,0.9567999839782715,-2.2108101844787598
-0.24683301150798798,0.9567999839782715,-2.1756980419158936
15.807496070861816,0.9567999839782715,2.305490016937256
-1.7873121500015259,0.9567999839782715,1.4927136898040771
-1.5420379638671875,0.9567999839782715,1.4271849393844604
-0.9867482781410217,0.9567999839782715,1.8612987995147705
-1.6751447916030884,0.9567999839782715,1.4626878499984741
17.29412269592285,0.9567999839782715,0.032575976103544235
0.04836471006274223,0.9567999839782715,-2.359473943710327
-0.3867354691028595,0.9567999839782715,-2.3206748962402344
-0.32281577587127686,0.9567999839782715,-2.254055976867676
0.10562144219875336,0.9567999839782715,-2.2910714149475098
17.497512817382812,0.9567999839782715,0.012924671173095703
17.404258728027344,0.9567999839782715,0.02467084489762783
15.687155723571777,0.9567999839782715,2.249638557434082
13.770896911621094,0.9567999839782715,-2.4175469875335693
13.310384750366211,0.9567999839782715,-2.4175469875335693
13.279542922973633,0.9567999839782715,-2.3565309047698975
15.390865325927734,0.9567999839782715,2.0901010036468506
1.4324077367782593,0.9567999839782715,-2.2052061557769775
1.0001816749572754,0.9567999839782715,-2.2136685848236084
0.5271010398864746,0.9567999839782715,-2.2929258346557617
-2.0480735301971436,0.9567999839782715,0.865856409072876
0.47674110531806946,0.9567999839782715,-2.3603739738464355
15.551128387451172,0.9567999839782715,2.1768105030059814
-2.155698537826538,0.9567999839782715,0.8802492618560791
13.738080978393555,0.9567999839782715,-2.3603217601776123
13.699825286865234,0.9567999839782715,-2.291436195373535
14.628809928894043,0.9567999839782715,-2.4175469875335693
14.073185920715332,0.9567999839782715,-2.219740390777588
17.392187118530273,0.9567999839782715,-0.7059192657470703
-1.1362714767456055,0.9567999839782715,-1.8316161632537842
-1.541088581085205,0.9567999839782715,-1.4834948778152466
-0.7001123428344727,0.9567999839782715,-2.056274175643921
17.08772850036621,0.9567999839782715,-1.3466849327087402
16.634092330932617,0.9567999839782715,-1.851845145225525
-2.0959789752960205,0.9567999839782715,0.21042586863040924
-2.2172489166259766,0.9567999839782715,0.2090778648853302
6.361926555633545,0.9567999839782715,-2.4175469875335693
5.480006217956543,0.9567999839782715,-2.4175469875335693
5.495229244232178,0.9567999839782715,-2.321866512298584
-2.320770502090454,0.9567999839782715,0.20773901045322418
15.86640453338623,0.9567999839782715,-1.9988224506378174
15.350318908691406,0.9567999839782715,-2.1640570163726807
-1.2241573333740234,0.9567999839782715,-1.8960272073745728
-1.6378709077835083,0.9567999839782715,-1.538145661354065
-1.8815706968307495,0.9567999839782715,1.5179675817489624
-1.3484493494033813,0.9567999839782715,2.0065438747406006
-0.7021572589874268,0.9567999839782715,2.3133327960968018
-0.7812523245811462,0.9567999839782715,-2.1282331943511963
15.956809043884277,0.9567999839782715,-2.0739707946777344
16.100934982299805,0.9567999839782715,-2.1913979053497314
16.03329849243164,0.9567999839782715,-2.1383962631225586
3.86527681350708,0.9567999839782715,2.0950326919555664
4.691795825958252,0.9567999839782715,2.0802853107452393
-1.9214452505111694,0.9567999839782715,0.848987877368927
-2.18896484375,0.9567999839782715,-0.4416782855987549
-1.2985577583312988,0.9567999839782715,-1.9510266780853271
-1.720145583152771,0.9567999839782715,-1.5850532054901123
-1.789852261543274,0.9567999839782715,-1.6251038312911987
-2.1499993801116943,0.9567999839782715,-1.1054577827453613
-1.3613758087158203,0.9567999839782715,-1.9977961778640747
-2.0727033615112305,0.9567999839782715,-1.0757532119750977
-1.9817105531692505,0.9567999839782715,-1.0410966873168945
-2.2870967388153076,0.9567999839782715,-0.459031879901886
-1.8750200271606445,0.9567999839782715,-1.0009194612503052
-2.0741846561431885,0.9567999839782715,-0.42167845368385315
-2.2467873096466064,0.9567999839782715,0.8924575448036194
9.643404960632324,0.9567999839782715,2.2016193866729736
10.50204086303711,0.9567999839782715,2.2083492279052734
10.464102745056152,0.9567999839782715,2.0748209953308105
2.3505051136016846,0.9567999839782715,-2.3491079807281494
1.8175398111343384,0.9567999839782715,-2.3545985221862793
1.8571141958236694,0.9567999839782715,-2.27962064743042
-2.3706583976745605,0.9567999839782715,-0.4738271236419678
-2.4087016582489014,0.9567999839782715,0.20661556720733643
13.2027006149292,0.9567999839782715,-2.1959052085876465
12.703339576721191,0.9567999839782715,-2.1788957118988037
12.801203727722168,0.9567999839782715,-2.4175469875335693
-0.8493824005126953,0.9567999839782715,-2.1893789768218994
0.10599680244922638,0.9567999839782715,2.3460099697113037
0.2280137538909912,0.9567999839782715,2.2612743377685547
1.340700626373291,0.9567999839782715,-2.3585314750671387
1.3826532363891602,0.9567999839782715,-2.2884109020233154
4.576375484466553,0.9567999839782715,-2.4175469875335693
4.597592830657959,0.9567999839782715,-2.3273730278015137
1.784621000289917,0.9567999839782715,-2.4175469875335693
1.305859923362732,0.9567999839782715,-2.4175469875335693
0.9014681577682495,0.9567999839782715,-2.3607053756713867
0.9465734958648682,0.9567999839782715,-2.2933545112609863
0.5869095921516418,0.9567999839782715,-2.2135679721832275
13.244795799255371,0.9567999839782715,-2.282972574234009
0.8637821674346924,0.9567999839782715,-2.4175469875335693
13.653605461120605,0.9567999839782715,-2.2099571228027344
1.9038399457931519,0.9567999839782715,-2.1905272006988525
-0.9066399335861206,0.9567999839782715,-2.2411019802093506
0.4343017637729645,0.9567999839782715,-2.4175469875335693
0.0,0.9567999839782715,-2.4175469875335693
3.077338695526123,0.9567999839782715,2.1133384704589844
0.3683619797229767,0.9567999839782715,2.1631271839141846
9.663162231445312,0.9567999839782715,2.3190014362335205
10.533863067626953,0.9567999839782715,2.32231068611145
14.201231956481934,0.9567999839782715,-2.4175469875335693
8.931790351867676,0.9567999839782715,-2.3237435817718506
8.941254615783691,0.9567999839782715,-2.4175469875335693
8.074603080749512,0.9567999839782715,-2.4175469875335693
8.794012069702148,0.9567999839782715,2.0558359622955322
9.619674682617188,0.9567999839782715,2.06391978263855
4.619199752807617,0.9567999839782715,2.3242721557617188
4.584784984588623,0.9567999839782715,2.4175469875335693
5.471100330352783,0.9567999839782715,2.4175469875335693
7.223175525665283,0.9567999839782715,-2.4175469875335693
6.370494842529297,0.9567999839782715,-2.3184404373168945
-0.4405481815338135,0.9567999839782715,-2.377067804336548
8.926673889160156,0.9567999839782715,-2.212118148803711
8.070963859558105,0.9567999839782715,-2.320108413696289
5.509847164154053,0.9567999839782715,-2.208189010620117
7.983964443206787,0.9567999839782715,2.0535693168640137
6.369080543518066,0.9567999839782715,2.061621904373169
6.35655403137207,0.9567999839782715,2.200254201889038
7.175330638885498,0.9567999839782715,2.196638345718384
8.805330276489258,0.9567999839782715,2.1966261863708496
5.49587869644165,0.9567999839782715,2.3209879398345947
6.329554080963135,0.9567999839782715,2.4175469875335693
9.685093879699707,0.9567999839782715,2.4175469875335693
10.566434860229492,0.9567999839782715,2.4175469875335693
8.814624786376953,0.9567999839782715,2.31654691696167
8.92043399810791,0.9567999839782715,-2.0801055431365967
8.065796852111816,0.9567999839782715,-2.067873477935791
5.541866302490234,0.9567999839782715,2.069357395172119
5.517594337463379,0.9567999839782715,2.204989433288574
7.178338050842285,0.9567999839782715,2.055762529373169
6.386836051940918,0.9567999839782715,-2.0623717308044434
5.525761604309082,0.9567999839782715,-2.0741240978240967
8.068648338317871,0.9567999839782715,-2.2044646739959717
8.826784133911133,0.9567999839782715,2.4175469875335693
3.8112375736236572,0.9567999839782715,2.2206432819366455
4.6530680656433105,0.9567999839782715,2.2116498947143555
7.165798187255859,0.9567999839782715,2.4175469875335693
7.989988327026367,0.9567999839782715,2.4175469875335693
7.98673152923584,0.9567999839782715,2.315898895263672
7.225038528442383,0.9567999839782715,-2.3176441192626953
6.378397464752197,0.9567999839782715,-2.200916051864624
14.966094970703125,0.9567999839782715,2.3456530570983887
15.079999923706055,0.9567999839782715,2.4175469875335693
11.329999923706055,0.9567999839782715,2.2172696590423584
11.277104377746582,0.9567999839782715,2.0891835689544678
3.764315366744995,0.9567999839782715,2.3285276889801025
9.810710906982422,0.9567999839782715,-2.329137086868286
9.825746536254883,0.9567999839782715,-2.4175469875335693
7.229071140289307,0.9567999839782715,-2.059565782546997
7.171607971191406,0.9567999839782715,2.316664695739746
7.985543251037598,0.9567999839782715,2.195258855819702
9.788941383361816,0.9567999839782715,-2.098679304122925
9.800938606262207,0.9567999839782715,-2.2235970497131348
14.840282440185547,0.9567999839782715,2.256929874420166
6.344825744628906,0.9567999839782715,2.3185672760009766
7.227025508880615,0.9567999839782715,-2.199240207672119
14.69571304321289,0.9567999839782715,2.1540045738220215
11.374592781066895,0.9567999839782715,2.326686143875122
-1.6881641077453116e-14,0.9567999839782715,2.4175469875335693
3.720280885696411,0.9567999839782715,2.4175469875335693
4.619312286376953,0.9567999839782715,-2.2199809551239014
4.643335342407227,0.9567999839782715,-2.0931453704833984
11.417813301086426,0.9567999839782715,2.4175469875335693
12.741047859191895,0.9567999839782715,-2.2726492881774902
12.146378517150879,0.9567999839782715,-2.2609212398529053
3.0084149837493896,0.9567999839782715,2.231834650039673
2.9487850666046143,0.9567999839782715,2.3336493968963623
2.992487907409668,0.9567999839782715,-2.3421404361724854
2.3875491619110107,0.9567999839782715,-2.2674384117126465
3.025967836380005,0.9567999839782715,-2.2520828247070312
2.4309346675872803,0.9567999839782715,-2.170417547225952
12.114072799682617,0.9567999839782715,-2.159647226333618
2.8951327800750732,0.9567999839782715,2.4175469875335693
12.772120475769043,0.9567999839782715,-2.3518574237823486
12.047015190124512,0.9567999839782715,2.1041812896728516
12.227286338806152,0.9567999839782715,2.4175469875335693
12.173343658447266,0.9567999839782715,2.3312480449676514
12.115296363830566,0.9567999839782715,2.226579427719116
2.3308329582214355,0.9567999839782715,2.1331093311309814
2.247683525085449,0.9567999839782715,2.243906021118164
2.319302797317505,0.9567999839782715,-2.4175469875335693
2.175837516784668,0.9567999839782715,2.3390443325042725
2.1126606464385986,0.9567999839782715,2.4175469875335693
12.929905891418457,0.9567999839782715,2.33616304397583
12.857989311218262,0.9567999839782715,2.2365951538085938
3.779080867767334,0.9567999839782715,-2.2353498935699463
3.8111510276794434,0.9567999839782715,-2.1180100440979004
12.773566246032715,0.9567999839782715,2.120250701904297
3.7507665157318115,0.9567999839782715,-2.3344826698303223
12.994294166564941,0.9567999839782715,2.4175469875335693
10.653725624084473,0.9567999839782715,-2.120421886444092
10.672698974609375,0.9567999839782715,-2.236952781677246
1.5357744693756104,0.9567999839782715,2.254240036010742
1.6337120532989502,0.9567999839782715,2.150214910507202
10.688192367553711,0.9567999839782715,-2.3353872299194336
10.70826530456543,0.9567999839782715,-2.4175469875335693
3.724858045578003,0.9567999839782715,-2.4175469875335693
1.451338529586792,0.9567999839782715,2.3435354232788086
1.3780772686004639,0.9567999839782715,2.4175469875335693
0.9909353852272034,0.9567999839782715,2.1603848934173584
0.775684654712677,0.9567999839782715,2.3458750247955322
0.8754257559776306,0.9567999839782715,2.2601068019866943
13.639503479003906,0.9567999839782715,2.3409523963928223
13.553142547607422,0.9567999839782715,2.2464728355407715
0.6893749237060547,0.9567999839782715,2.4175469875335693
13.452263832092285,0.9567999839782715,2.136179208755493
3.0646884441375732,0.9567999839782715,-2.145249605178833
13.715713500976562,0.9567999839782715,2.4175469875335693
2.9633395671844482,0.9567999839782715,-2.4175469875335693
11.47877025604248,0.9567999839782715,-2.3408820629119873
11.50279426574707,0.9567999839782715,-2.4175469875335693
11.431404113769531,0.9567999839782715,-2.139742374420166
11.457432746887207,0.9567999839782715,-2.248762845993042
14.394996643066406,0.9567999839782715,2.4175469875335693
14.303593635559082,0.9567999839782715,2.3442442417144775
14.200640678405762,0.9567999839782715,2.253563404083252
14.081123352050781,0.9567999839782715,2.1479597091674805
12.172937393188477,0.9567999839782715,-2.34649658203125
12.199911117553711,0.9567999839782715,-2.4175469875335693
8.056123733520508,0.9567999839782715,-1.7190756797790527
14.963984489440918,0.9567999839782715,1.8828693628311157
-1.787352204322815,0.9567999839782715,-0.3687983453273773
-1.5963314771652222,0.9567999839782715,0.8107242584228516
16.28509521484375,0.9567999839782715,1.2856636047363281
7.191551208496094,0.9567999839782715,1.7029536962509155
14.075979232788086,0.9567999839782715,-1.096739649772644
14.218718528747559,1.0099999904632568,-1.1175470352172852
14.218718528747559,0.9567999839782715,-1.1175470352172852
14.361510276794434,1.0099999904632568,-1.096724033355713
14.063613891601562,1.0099999904632568,-1.0928813219070435
13.934362411499023,0.9567999839782715,-1.0288153886795044
13.923812866210938,1.0099999904632568,-1.0213178396224976
13.82079792022705,0.9567999839782715,-0.9202995300292969
13.813101768493652,1.0099999904632568,-0.9099079370498657
14.373726844787598,0.9567999839782715,-1.0929125547409058
13.746501922607422,0.9567999839782715,-0.7818982005119324
13.74241828918457,1.0099999904632568,-0.7696595191955566
13.718812942504883,0.9567999839782715,-0.6272721886634827
14.503110885620117,1.0099999904632568,-1.0287903547286987
13.718728065490723,1.0099999904632568,-0.6144036054611206
13.740456581115723,0.9567999839782715,-0.47171854972839355
13.744368553161621,1.0099999904632568,-0.4594578444957733
13.809258460998535,0.9567999839782715,-0.33059296011924744
13.81680965423584,1.0099999904632568,-0.3201093375682831
13.91848087310791,0.9567999839782715,-0.21772508323192596
14.51355266571045,0.9567999839782715,-1.0213695764541626
13.928960800170898,1.0099999904632568,-0.21006643772125244
14.05733585357666,0.9567999839782715,-0.14430764317512512
14.069658279418945,1.0099999904632568,-0.14028289914131165
14.212191581726074,0.9567999839782715,-0.11758965998888016
14.225062370300293,1.0099999904632568,-0.11758730560541153
14.616652488708496,1.0099999904632568,-0.9202824831008911
14.367695808410645,0.9567999839782715,-0.14025700092315674
14.624269485473633,0.9567999839782715,-0.909998893737793
14.690937995910645,1.0099999904632568,-0.781890869140625
14.37984561920166,1.0099999904632568,-0.1442204862833023
14.694976806640625,0.9567999839782715,-0.7697902917861938
14.71862506866455,1.0099999904632568,-0.6272335052490234
14.50843334197998,0.9567999839782715,-0.21003614366054535
14.518832206726074,1.0099999904632568,-0.2176324874162674
14.620577812194824,0.9567999839782715,-0.32004299759864807
14.718708992004395,0.9567999839782715,-0.6144124269485474
14.628084182739258,1.0099999904632568,-0.3304586112499237
14.69304370880127,0.9567999839782715,-0.4593849182128906
14.696966171264648,1.0099999904632568,-0.47167277336120605
0.47245699167251587,0.9567999839782715,-1.0967780351638794
0.6150671243667603,1.0099999904632568,-1.1175470352172852
0.6150671243667603,0.9567999839782715,-1.1175470352172852
0.757809042930603,1.0099999904632568,-1.0967388153076172
0.4599793255329132,1.0099999904632568,-1.0928866863250732
0.33083271980285645,0.9567999839782715,-1.0288994312286377
0.3201265037059784,1.0099999904632568,-1.0212920904159546
0.21717023849487305,0.9567999839782715,-0.9203309416770935
0.2093544751405716,1.0099999904632568,-0.9097751379013062
0.14285048842430115,0.9567999839782715,-0.7818986773490906
0.13868863880634308,1.0099999904632568,-0.769413948059082
0.11516471207141876,0.9567999839782715,-0.627425491809845
0.11507857590913773,1.0099999904632568,-0.6141626834869385
0.1367291361093521,0.9567999839782715,-0.4719696640968323
0.14078813791275024,1.0099999904632568,-0.4592452645301819
0.7700708508491516,0.9567999839782715,-1.09291410446167
0.20552009344100952,0.9567999839782715,-0.33071744441986084
0.21328115463256836,1.0099999904632568,-0.31994321942329407
0.3147120773792267,0.9567999839782715,-0.21781358122825623
0.3254067897796631,1.0099999904632568,-0.20999717712402344
0.45355281233787537,0.9567999839782715,-0.14435245096683502
0.8994024991989136,1.0099999904632568,-1.0288296937942505
0.4661317765712738,1.0099999904632568,-0.14024393260478973
0.6084816455841064,0.9567999839782715,-0.11759042739868164
0.6215590238571167,1.0099999904632568,-0.11758919805288315
13.855169296264648,0.9567999839782715,-0.06138137727975845
0.7640594840049744,0.9567999839782715,-0.14026173949241638
0.7763601541519165,1.0099999904632568,-0.14427697658538818
0.9047759175300598,0.9567999839782715,-0.21003161370754242
0.9152756929397583,1.0099999904632568,-0.21770358085632324
1.0169196128845215,0.9567999839782715,-0.32003310322761536
1.0244908332824707,1.0099999904632568,-0.3305414617061615
1.089404582977295,0.9567999839782715,-0.45942044258117676
1.0933558940887451,1.0099999904632568,-0.4718082845211029
0.9098663926124573,0.9567999839782715,-1.021395206451416
1.1150572299957275,0.9567999839782715,-0.6143975853919983
1.1149708032608032,1.0099999904632568,-0.627363383769989
1.0913667678833008,0.9567999839782715,-0.769661009311676
1.0872703790664673,1.0099999904632568,-0.7819370627403259
1.0129822492599487,1.0099999904632568,-0.9203068614006042
1.0206483602523804,0.9567999839782715,-0.9099575281143188
14.771979331970215,0.9567999839782715,-0.9250490665435791
14.659530639648438,0.9567999839782715,0.9601936936378479
14.489990234375,0.9567999839782715,1.3990620374679565
15.090810775756836,0.9567999839782715,1.284570336341858
14.078995704650879,0.9567999839782715,1.5617772340774536
13.776305198669434,0.9567999839782715,1.4104119539260864
15.576960563659668,0.9567999839782715,0.4628511667251587
16.09100341796875,0.9567999839782715,0.6564521789550781
15.976064682006836,0.9567999839782715,0.16746307909488678
12.881535530090332,0.9567999839782715,-0.21567387878894806
12.640674591064453,0.9567999839782715,0.029599124565720558
12.975522994995117,0.9567999839782715,0.15309971570968628
14.712223052978516,0.9567999839782715,-0.009416220709681511
14.874945640563965,0.9567999839782715,0.1483675241470337
14.87531852722168,0.9567999839782715,-0.1495511680841446
-0.7153235673904419,0.9567999839782715,-1.158928632736206
-0.6138210892677307,0.9567999839782715,-0.888573169708252
-0.3487168252468109,0.9567999839782715,-1.1492253541946411
1.0863078832626343,0.9567999839782715,-0.01764819584786892
0.9828168153762817,0.9567999839782715,0.12620139122009277
1.2065184116363525,0.9567999839782715,0.16791756451129913
13.665657043457031,0.9567999839782715,-0.05846792459487915
13.554471969604492,0.9567999839782715,0.1303635537624359
13.77249526977539,0.9567999839782715,0.12569081783294678
0.33242160081863403,0.9567999839782715,-1.2261414527893066
8.381194114685059,0.9567999839782715,-1.083202838897705
0.13934539258480072,0.9567999839782715,-1.0996476411819458
-1.242607593536377,0.9567999839782715,0.3615572452545166
-0.9982008934020996,0.9567999839782715,0.8173391222953796
-0.7068703770637512,0.9567999839782715,0.394203782081604
14.619352340698242,0.9567999839782715,0.14168661832809448
11.327452659606934,0.9567999839782715,-0.6397902965545654
11.585783004760742,0.9567999839782715,-1.2887011766433716
10.927294731140137,0.9567999839782715,-1.1774487495422363
11.872268676757812,0.9567999839782715,-0.8468040227890015
15.050702095031738,0.9567999839782715,-1.3770253658294678
14.83679485321045,0.9567999839782715,-1.4556043148040771
14.867047309875488,0.9567999839782715,-1.2629547119140625
-0.12032724171876907,0.9567999839782715,0.3094595968723297
0.10599546879529953,0.9567999839782715,0.5641224980354309
0.1301579475402832,0.9567999839782715,0.2424342781305313
0.35276132822036743,0.9567999839782715,0.1321287751197815
0.1345083862543106,0.9567999839782715,0.001119270920753479
-0.07695212215185165,0.9567999839782715,0.07176870852708817
13.429496765136719,0.9567999839782715,-0.07597565650939941
0.7448709607124329,0.9567999839782715,0.07477826625108719
0.10551673173904419,0.9567999839782715,1.4941530227661133
13.388824462890625,0.9567999839782715,1.413359522819519
4.633584499359131,0.9567999839782715,-1.0845462083816528
3.911327600479126,0.9567999839782715,-0.793476939201355
-0.28743666410446167,0.9567999839782715,0.5609810948371887
-0.5305891036987305,0.9567999839782715,0.8245290517807007
2.804798126220703,0.9567999839782715,-0.8138979077339172
2.405268907546997,0.9567999839782715,-1.0166590213775635
2.366123676300049,0.9567999839782715,-0.5524040460586548
-0.17404469847679138,0.9567999839782715,0.82718825340271
0.13621416687965393,0.9567999839782715,1.0127872228622437
12.21147346496582,0.9567999839782715,-0.5446759462356567
12.312932014465332,0.9567999839782715,-1.0049031972885132
14.312968254089355,0.9567999839782715,-1.47907555103302
14.599365234375,0.9567999839782715,-1.499521017074585
14.488202095031738,0.9567999839782715,-1.7526546716690063
0.5922760367393494,0.9567999839782715,1.250872254371643
13.727313995361328,0.9567999839782715,-1.0832172632217407
2.7222683429718018,0.9567999839782715,-0.2690371572971344
12.563324928283691,0.9567999839782715,-0.7370217442512512
14.69420337677002,0.9567999839782715,0.36308908462524414
14.478509902954102,0.9567999839782715,-1.330275535583496
3.2648837566375732,0.9567999839782715,-0.4749162495136261
9.311995506286621,0.9567999839782715,-0.6841116547584534
9.751419067382812,0.9567999839782715,0.6689702868461609
12.749519348144531,0.9567999839782715,-1.1211282014846802
13.610751152038574,0.9567999839782715,0.991438090801239
10.523924827575684,0.9567999839782715,-0.30211204290390015
0.021925702691078186,0.9567999839782715,-0.4691603481769562
-0.29750901460647583,0.9567999839782715,1.173905849456787
14.950491905212402,0.9567999839782715,0.43316876888275146
-0.08630246669054031,0.9567999839782715,-1.721920132637024
1.2113025188446045,0.9567999839782715,1.4183216094970703
13.89255142211914,0.9567999839782715,-1.2525358200073242
10.214158058166504,0.9567999839782715,-1.1521334648132324
12.551240921020508,0.9567999839782715,-0.30653125047683716
16.032161712646484,0.9567999839782715,-1.0754467248916626
15.717653274536133,0.9567999839782715,-0.7939891815185547
16.198686599731445,0.9567999839782715,-0.6643056273460388
14.67066764831543,0.9567999839782715,-0.1632877141237259
13.687379837036133,0.9567999839782715,-0.2629860043525696
13.790151596069336,0.9567999839782715,-0.17116963863372803
11.60971736907959,0.9567999839782715,0.6833080649375916
12.162734985351562,0.9567999839782715,0.5619933009147644
11.782817840576172,0.9567999839782715,0.20692554116249084
1.2545688152313232,0.9567999839782715,-0.7650512456893921
14.773941993713379,0.9567999839782715,-0.31137171387672424
1.20154869556427,0.9567999839782715,-0.957825243473053
0.5054821968078613,0.9567999839782715,0.024583270773291588
12.043437957763672,0.9567999839782715,-1.3037422895431519
13.139920234680176,0.9567999839782715,0.958087146282196
-0.03906942158937454,0.9567999839782715,-0.7431982159614563
14.331311225891113,0.9567999839782715,-1.2405697107315063
14.972091674804688,0.9567999839782715,-0.9328868985176086
14.826388359069824,0.9567999839782715,-1.0981457233428955
13.365031242370605,0.9567999839782715,0.6197911500930786
15.647601127624512,0.9567999839782715,0.056276701390743256
12.439855575561523,0.9567999839782715,-1.474665880203247
14.503904342651367,0.9567999839782715,-1.1670458316802979
15.023946762084961,0.9567999839782715,-1.6148728132247925
3.3032844066619873,0.9567999839782715,-1.1932481527328491
0.9145304560661316,0.9567999839782715,-0.051949914544820786
14.650632858276367,0.9567999839782715,-1.05794095993042
13.6843900680542,0.9567999839782715,-0.9202255606651306
0.6645070314407349,0.9567999839782715,-1.3143302202224731
0.7463040351867676,0.9567999839782715,-1.4398077726364136
0.5931236147880554,0.9567999839782715,-1.468855857849121
2.7668652534484863,0.9567999839782715,-1.37198007106781
8.29831600189209,0.9567999839782715,-0.4154791235923767
0.1993536800146103,0.9567999839782715,-1.5999306440353394
1.179253101348877,0.9567999839782715,-1.1859012842178345
1.1242148876190186,0.9567999839782715,-1.4563668966293335
0.9898105263710022,0.9567999839782715,-1.277336835861206
16.385601043701172,0.9567999839782715,0.2887486219406128
15.434496879577637,0.9567999839782715,-0.7417726516723633
15.491809844970703,0.9567999839782715,-0.5110880136489868
0.8551242351531982,0.9567999839782715,0.303626149892807
15.11919116973877,0.9567999839782715,0.7464314103126526
13.288534164428711,0.9567999839782715,-0.6142758727073669
13.482441902160645,0.9567999839782715,-0.6541464328765869
13.418312072753906,0.9567999839782715,-0.8149440884590149
12.936944961547852,0.9567999839782715,-1.5725935697555542
14.245546340942383,0.9567999839782715,0.04755926504731178
15.6392822265625,0.9567999839782715,1.0222265720367432
15.284326553344727,0.9567999839782715,-0.6321207284927368
14.13727855682373,0.9567999839782715,-1.28019118309021
14.120983123779297,0.9567999839782715,0.011281432583928108
8.716448783874512,0.9567999839782715,0.3188299536705017
8.993308067321777,0.9567999839782715,1.087549090385437
15.223139762878418,0.9567999839782715,-0.8306813836097717
4.587242603302002,0.9567999839782715,-0.23515357077121735
0.14843879640102386,0.9567999839782715,-1.327099323272705
10.8396577835083,0.9567999839782715,0.7911707758903503
-0.0963001698255539,0.9567999839782715,-1.4087309837341309
7.358705997467041,0.9567999839782715,-0.8637039065361023
1.172851800918579,0.9567999839782715,-0.32969310879707336
2.699929714202881,0.9567999839782715,0.6411520838737488
2.727748155593872,0.9567999839782715,1.259413719177246
3.433519124984741,0.9567999839782715,0.9337545037269592
12.22240161895752,0.9567999839782715,0.045860350131988525
3.788111448287964,0.9567999839782715,0.06405039131641388
15.11443042755127,0.9567999839782715,-0.026115678250789642
1.0309813022613525,0.9567999839782715,-1.0811172723770142
0.38222506642341614,0.9567999839782715,-1.4353338479995728
-0.32856428623199463,0.9567999839782715,-0.8915988802909851
-0.44123393297195435,0.9567999839782715,-0.30971693992614746
-0.5653702616691589,0.9567999839782715,-0.014889738522469997
-0.2386464774608612,0.9567999839782715,-0.15435552597045898
13.614245414733887,0.9567999839782715,-0.6777814626693726
0.903813362121582,0.9567999839782715,-1.4718570709228516
2.010699510574341,0.9567999839782715,0.150401309132576
1.7030305862426758,0.9567999839782715,0.3215688169002533
1.9663633108139038,0.9567999839782715,0.4995687007904053
5.246324062347412,0.9567999839782715,-0.6085493564605713
5.448333740234375,0.9567999839782715,-1.2657102346420288
-0.08561521023511887,0.9567999839782715,-0.5525128245353699
13.590869903564453,0.9567999839782715,-0.5496070981025696
11.305627822875977,0.9567999839782715,0.07375197857618332
15.056746482849121,0.9567999839782715,-0.6568745970726013
0.06774313747882843,0.9567999839782715,-0.35725221037864685
14.540230751037598,0.9567999839782715,-0.00770574901252985
0.6000298261642456,0.9567999839782715,0.23334462940692902
-1.3952586650848389,0.9567999839782715,-0.05266880989074707
15.216962814331055,0.9567999839782715,-0.44874781370162964
15.338255882263184,0.9567999839782715,0.15856726467609406
0.7334415912628174,0.9567999839782715,0.5045391917228699
11.75639820098877,0.9567999839782715,-0.2980993390083313
0.04372315853834152,0.9567999839782715,-0.9185187816619873
3.0664076805114746,0.9567999839782715,0.17063230276107788
1.7634007930755615,0.9567999839782715,1.1934046745300293
-1.0017192363739014,0.9567999839782715,-0.864641010761261
7.73536491394043,0.9567999839782715,0.2201913595199585
10.930929183959961,0.9567999839782715,1.3953393697738647
14.846444129943848,0.9567999839782715,-0.5607733130455017
2.1979308128356934,0.9567999839782715,0.881151556968689
14.089078903198242,0.9567999839782715,0.44046637415885925
14.420758247375488,0.9567999839782715,0.4536450207233429
14.267158508300781,0.9567999839782715,0.2455524504184723
14.843491554260254,0.9567999839782715,-0.7432977557182312
11.41833782196045,0.9567999839782715,1.2734301090240479
0.1996072679758072,0.9567999839782715,-0.15298771858215332
0.7458223104476929,0.9567999839782715,-1.6339316368103027
-0.4255751371383667,0.9567999839782715,-1.4599385261535645
13.948155403137207,0.9567999839782715,0.07766439765691757
2.0812666416168213,0.9567999839782715,-1.5551584959030151
-0.7427201867103577,0.9567999839782715,-0.34385621547698975
14.487741470336914,0.9567999839782715,0.27747851610183716
1.0998094081878662,0.9567999839782715,0.3091467320919037
2.082057476043701,0.9567999839782715,-1.167404294013977
1.7968510389328003,0.9567999839782715,-1.2743897438049316
16.33400535583496,0.9567999839782715,-0.16411550343036652
1.0472358465194702,0.9567999839782715,0.5279729962348938
-0.3543270230293274,0.9567999839782715,0.2280702143907547
2.2249062061309814,0.9567999839782715,1.4185631275177002
12.820642471313477,0.9567999839782715,-0.8000679016113281
0.5180943012237549,0.9567999839782715,-1.2929919958114624
14.029450416564941,0.9567999839782715,1.1879264116287231
14.280952453613281,0.9567999839782715,1.0017281770706177
-0.7237099409103394,0.9567999839782715,1.1734031438827515
0.8729680776596069,0.9567999839782715,-1.173500657081604
15.410326957702637,0.9567999839782715,-0.9845718741416931
15.386632919311523,0.9567999839782715,-0.1866386979818344
12.988822937011719,0.9567999839782715,0.538524866104126
13.197138786315918,0.9567999839782715,-0.13720755279064178
-0.972724199295044,0.9567999839782715,-0.018541423603892326
0.7378261685371399,0.9567999839782715,-1.20210599899292
1.3362290859222412,0.9567999839782715,0.8544538021087646
0.3267706632614136,0.9567999839782715,-0.05955373868346214
-0.48705706000328064,0.9567999839782715,-0.6273985505104065
15.186726570129395,0.9567999839782715,-1.0292428731918335
8.221263885498047,0.9567999839782715,1.0194993019104004
1.3713877201080322,0.9567999839782715,-1.3942909240722656
13.274356842041016,0.9567999839782715,-1.7388849258422852
4.484658241271973,0.9567999839782715,0.8031919002532959
14.088272094726562,0.9567999839782715,0.17928385734558105
1.3704755306243896,0.9567999839782715,0.40894216299057007
-0.0676392987370491,0.9567999839782715,-1.1900092363357544
0.500766932964325,0.9567999839782715,-1.6937793493270874
14.675690650939941,0.9567999839782715,-1.259206771850586
14.803207397460938,0.9567999839782715,-1.7202805280685425
0.4811069965362549,0.9567999839782715,0.7678077220916748
13.575491905212402,0.9567999839782715,-0.7910679578781128
13.219861030578613,0.9567999839782715,0.35552623867988586
13.125347137451172,0.9567999839782715,-1.262045979499817
1.2233604192733765,0.9567999839782715,-0.4732714891433716
7.181778907775879,0.9567999839782715,1.0770072937011719
1.0112884044647217,0.9567999839782715,-0.15634086728096008
12.15419864654541,0.9567999839782715,1.1924891471862793
15.020889282226562,0.9567999839782715,-1.1508359909057617
0.99239581823349,0.9567999839782715,-1.7134793996810913
13.689253807067871,0.9567999839782715,0.32471856474876404
15.089312553405762,0.9567999839782715,-0.2620231509208679
12.80438232421875,0.9567999839782715,-0.5214628577232361
14.148433685302734,0.9567999839782715,-1.7541712522506714
2.227870225906372,0.9567999839782715,-0.1776818037033081
0.03539557009935379,0.9567999839782715,-0.19178228080272675
6.099009037017822,0.9567999839782715,-0.6761454343795776
-1.0871882438659668,0.9567999839782715,-1.1436116695404053
2.0350241661071777,0.9567999839782715,-0.7861986756324768
14.416977882385254,0.9567999839782715,0.10708451271057129
12.566784858703613,0.9567999839782715,0.4088554382324219
1.670769214630127,0.9567999839782715,-1.5954393148422241
13.095686912536621,0.9567999839782715,-0.4254329204559326
13.343426704406738,0.9567999839782715,-0.364455908536911
6.656497001647949,0.9567999839782715,0.16609542071819305
6.106109142303467,0.9567999839782715,1.0040901899337769
1.3081634044647217,0.9567999839782715,-1.6938858032226562
0.41599589586257935,0.9567999839782715,0.38875332474708557
-0.8202434182167053,0.9567999839782715,-1.4427578449249268
-0.08163627982139587,0.9567999839782715,-0.35864177346229553
0.9005840420722961,0.9567999839782715,0.8870572447776794
1.1339083909988403,0.9567999839782715,-0.18204151093959808
13.314685821533203,0.9567999839782715,0.11514947563409805
14.286468505859375,0.9567999839782715,0.6977859139442444
13.300346374511719,0.9567999839782715,-1.4914895296096802
5.4902544021606445,0.9567999839782715,0.22236648201942444
1.2707265615463257,0.9567999839782715,-0.02935698814690113
15.821744918823242,0.9567999839782715,-0.29910001158714294
12.843689918518066,0.9567999839782715,1.351335048675537
13.04861831665039,0.9567999839782715,-0.9952058792114258
1.403009295463562,0.9567999839782715,-0.8980260491371155
1.5698517560958862,0.9567999839782715,-0.7967885732650757
1.5872573852539062,0.9567999839782715,-1.0687675476074219
-0.2603674530982971,0.9567999839782715,-0.44130226969718933
13.54971694946289,0.9567999839782715,-0.9670260548591614
15.63422966003418,0.9567999839782715,-1.2836438417434692
-0.19747090339660645,0.9567999839782715,-1.0428303480148315
1.3838813304901123,0.9567999839782715,-1.1389681100845337
13.048808097839355,0.9567999839782715,-0.7072330117225647
13.538055419921875,0.9567999839782715,-0.22693781554698944
1.7230267524719238,0.9567999839782715,0.692843496799469
-1.1868207454681396,0.9567999839782715,-0.4554116725921631
-0.8057112097740173,0.9567999839782715,-0.6363743543624878
15.227783203125,0.9567999839782715,0.42959925532341003
-0.24298472702503204,0.9567999839782715,-0.6881703734397888
15.265457153320312,0.9567999839782715,-1.2289903163909912
13.52875804901123,0.9567999839782715,-1.6470646858215332
2.3756487369537354,0.9567999839782715,-1.407023310661316
15.10351848602295,0.9567999839782715,0.21938735246658325
13.234981536865234,0.9567999839782715,-0.8869524598121643
0.8235106468200684,0.9567999839782715,-1.308030605316162
14.909005165100098,0.9567999839782715,-0.3205275237560272
13.939072608947754,0.9567999839782715,0.7631468772888184
13.892871856689453,0.9567999839782715,0.26292458176612854
1.3072307109832764,0.9567999839782715,-0.6166889071464539
14.689729690551758,0.9567999839782715,0.6302807331085205
13.558236122131348,0.9567999839782715,-0.3924280107021332
15.289359092712402,0.9567999839782715,-1.549395203590393
1.7979086637496948,0.9567999839782715,-0.9651546478271484
2.2805542945861816,0.9567999839782715,0.46900537610054016
14.840503692626953,0.9567999839782715,-0.42104893922805786
12.642500877380371,0.9567999839782715,0.8350581526756287
13.844595909118652,0.9567999839782715,0.4764253795146942
13.636139869689941,0.9567999839782715,0.5880689024925232
13.521432876586914,0.9567999839782715,-1.1202363967895508
1.4534739255905151,0.9567999839782715,0.1430453062057495
14.992948532104492,0.9567999839782715,-0.44374173879623413
13.813288688659668,0.9567999839782715,-1.7341216802597046
13.440664291381836,0.9567999839782715,-0.5064947605133057
13.524048805236816,0.9567999839782715,-1.4365129470825195
13.41215991973877,0.9567999839782715,-1.2902333736419678
13.304651260375977,0.9567999839782715,-1.100555419921875
2.4974422454833984,0.9567999839782715,0.14255042374134064
13.404150009155273,0.9567999839782715,-0.9813680648803711
1.6827216148376465,0.9567999839782715,0.06144905462861061
1.808943510055542,0.9567999839782715,-0.1689375340938568
14.006746292114258,0.9567999839782715,-1.4958308935165405
13.64335823059082,0.9567999839782715,-1.2785273790359497
1.5619984865188599,0.9567999839782715,-1.2944203615188599
-0.04975592717528343,0.9567999839782715,-1.0322513580322266
1.975486397743225,0.9567999839782715,-0.4799211919307709
1.2788149118423462,0.9567999839782715,-0.18872377276420593
5.297813415527344,0.9567999839782715,1.1037732362747192
13.455244064331055,0.9567999839782715,0.3510660231113434
-0.13381344079971313,0.9567999839782715,-0.8889743089675903
13.73496150970459,0.9567999839782715,-1.4742647409439087
1.2863645553588867,0.9567999839782715,-0.35498642921447754
1.745013952255249,0.9567999839782715,-0.6616000533103943
1.4091999530792236,0.9567999839782715,-0.7337085604667664
1.6074273586273193,0.9567999839782715,-0.398947149515152
1.492773175239563,0.9567999839782715,-0.11926748603582382
1.4011927843093872,0.9567999839782715,-0.29917770624160767
1.5032802820205688,0.9567999839782715,-0.6101131439208984
1.3809583187103271,0.9567999839782715,-0.452945739030838
11.814395904541016,-2.6500000953674316,-1.1124297380447388
11.884819984436035,-2.5034003257751465,-1.1581958532333374
11.940338134765625,-2.6500000953674316,-1.1837280988693237
11.763592720031738,-2.5136473178863525,-1.0671011209487915
11.814395904541016,-2.3499999046325684,-1.1124297380447388
12.025647163391113,-2.503206729888916,-1.2083511352539062
11.715508460998535,-2.3958330154418945,-1.009942650794983
11.956856727600098,-2.3499999046325684,-1.1898009777069092
11.706780433654785,-2.6500000953674316,-0.9974374175071716
12.094388961791992,-2.6500000953674316,-1.2168329954147339
11.689249038696289,-2.53265118598938,-0.9695473313331604
12.183819770812988,-2.502662181854248,-1.2135977745056152
12.119600296020508,-2.3499999046325684,-1.2175447940826416
12.251041412353516,-2.6500000953674316,-1.2003672122955322
11.64027214050293,-2.6500000953674316,-0.8546751737594604
12.525394439697266,-2.565300703048706,-0.42335835099220276
12.431164741516113,-2.6500000953674316,-0.3252969980239868
12.537075996398926,-2.6500000953674316,-0.44012245535850525
12.596427917480469,-2.5384411811828613,-0.5624197125434875
12.413952827453613,-2.5811777114868164,-0.3122844994068146
12.294968605041504,-2.6500000953674316,-0.24875065684318542
12.272944450378418,-2.588791608810425,-0.2411610335111618
11.646604537963867,-2.4482710361480713,-0.8751964569091797
12.14139461517334,-2.6500000953674316,-0.21795907616615295
12.116231918334961,-2.5908806324005127,-0.2175707221031189
11.98573112487793,-2.6500000953674316,-0.23622065782546997
12.338526725769043,-2.5021917819976807,-1.1677978038787842
12.282504081726074,-2.3499999046325684,-1.190779447555542
11.959992408752441,-2.588505268096924,-0.24421390891075134
11.843659400939941,-2.6500000953674316,-0.30158254504203796
12.602506637573242,-2.6500000953674316,-0.5824590921401978
11.82036304473877,-2.5804672241210938,-0.3181011378765106
11.966630935668945,-2.3499999046325684,-1.1124297380447388
11.728758811950684,-2.6500000953674316,-0.40759867429733276
11.711114883422852,-2.563969850540161,-0.43134474754333496
12.121053695678711,-2.3499999046325684,-1.1124297380447388
11.652158737182617,-2.6500000953674316,-0.544072151184082
11.642865180969238,-2.5363826751708984,-0.5716320276260376
12.621095657348633,-2.4996793270111084,-0.7152646780014038
12.394832611083984,-2.6500000953674316,-1.1359615325927734
11.621471405029297,-2.6500000953674316,-0.6983069181442261
11.621152877807617,-2.4969332218170166,-0.72479248046875
12.620648384094238,-2.6500000953674316,-0.7388149499893188
12.598487854003906,-2.4514639377593994,-0.8662129640579224
12.589250564575195,-2.6500000953674316,-0.8931480646133423
12.465810775756836,-2.505471706390381,-1.0797278881072998
12.427804946899414,-2.3499999046325684,-1.1124297380447388
12.548713684082031,-2.528391122817993,-0.9766740798950195
12.511404037475586,-2.6500000953674316,-1.0300579071044922
12.532176971435547,-2.39909029006958,-1.0021804571151733
12.275613784790039,-2.3499999046325684,-1.1124297380447388
14.596383094787598,-0.9711728692054749,-2.411809206008911
14.717711448669434,-1.4389581680297852,-2.1655020713806152
14.24135971069336,-1.4315060377120972,-2.170435667037964
15.079999923706055,-2.5959291458129883,-0.1454371064901352
14.473658561706543,-2.5272154808044434,-0.6108866333961487
15.079999923706055,-2.465602159500122,-0.8251098394393921
12.899888038635254,-0.3908689618110657,-2.570451498031616
12.224398612976074,-0.5189268589019775,-2.5476882457733154
12.634940147399902,0.08955841511487961,-2.598457098007202
14.391565322875977,-2.3913259506225586,1.0205687284469604
13.804159164428711,-2.1546809673309326,1.4551117420196533
13.8001708984375,-2.411407947540283,0.9721686840057373
15.079999923706055,-1.7290257215499878,-1.9417698383331299
14.447958946228027,-1.7764909267425537,-1.8984414339065552
13.99979019165039,-1.0659550428390503,-2.3714425563812256
14.210877418518066,-0.6842360496520996,-2.508350133895874
1.6709548234939575,-0.3250945210456848,-2.5795955657958984
1.1014589071273804,-0.3118343949317932,-2.5812320709228516
1.3638828992843628,0.15433351695537567,-2.5954153537750244
12.461849212646484,0.536170244216919,-2.5441150665283203
13.016107559204102,0.5688396692276001,-2.537010431289673
13.737095832824707,-0.7213682532310486,-2.4979248046875
13.206907272338867,0.12311731278896332,-2.597083330154419
13.459725379943848,-0.30152463912963867,-2.5824568271636963
14.527816772460938,-2.3944427967071533,-1.013234257698059
0.7603484988212585,-0.7638936638832092,-2.4852497577667236
0.5299286246299744,-0.22595831751823425,-2.590162754058838
1.900496006011963,0.14863426983356476,-2.595747947692871
2.725693941116333,0.5136939883232117,-2.54874849319458
2.4847054481506348,0.12567414343357086,-2.59696102142334
2.090984582901001,0.5540017485618591,-2.5402917861938477
13.20993423461914,-0.8247285485267639,-2.4657297134399414
14.02336311340332,-0.28452959656715393,-2.5843844413757324
14.613606452941895,-0.32528385519981384,-2.5795717239379883
15.079999923706055,-0.5900850296020508,-2.5321531295776367
13.377690315246582,-2.3489627838134766,1.1146183013916016
12.673141479492188,-0.9375648498535156,-2.4250714778900146
13.713375091552734,0.1845041811466217,-2.593445301055908
0.8557621836662292,0.1632317453622818,-2.5948710441589355
1.570356011390686,0.5676136612892151,-2.5372848510742188
1.8155421081995395e-14,-0.014481829479336739,-2.5999596118927
0.4084697961807251,0.18768706917762756,-2.593216896057129
13.517409324645996,0.5803130269050598,-2.5344104766845703
15.079999923706055,-0.021332483738660812,-2.599912405014038
10.216328620910645,-0.8956007957458496,-2.44088077545166
10.487378120422363,-1.3843048810958862,-2.200840711593628
9.911832809448242,-1.319164514541626,-2.240492105484009
13.479578971862793,-1.1490033864974976,-2.332335948944092
13.702115058898926,-1.4607819318771362,-2.1508407592773438
14.579865455627441,-2.0786702632904053,-1.561771273612976
10.813343048095703,-1.009129285812378,-2.3961756229400635
9.558791160583496,-1.9244931936264038,-1.7482351064682007
9.722116470336914,-1.6388570070266724,-2.018451690673828
10.126788139343262,-1.9276881217956543,-1.7447116374969482
9.29131031036377,-2.4633309841156006,-0.831865668296814
9.402810096740723,-2.211726665496826,-1.3668451309204102
9.841996192932129,-2.3815622329711914,-1.0431499481201172
14.00897216796875,-2.533261775970459,0.5853075385093689
13.914228439331055,-1.776610016822815,-1.8983299732208252
9.34482479095459,-2.587831735610962,-0.25125184655189514
9.92598819732666,-2.5976974964141846,-0.1093975305557251
9.501503944396973,-2.5845654010772705,0.28288164734840393
14.380524635314941,-2.594701051712036,-0.16591139137744904
9.832738876342773,-2.5313706398010254,-0.5934332609176636
14.7207612991333,0.2541826367378235,-2.587545394897461
1.7813392566025897e-14,0.5024991035461426,-2.5509791374206543
15.079999923706055,0.4973165988922119,-2.551994562149048
14.261478424072266,0.14930124580860138,-2.595709800720215
10.079547882080078,-2.5836434364318848,0.29118162393569946
9.76646900177002,-2.4868345260620117,0.7587187886238098
10.484488487243652,-2.153959274291992,1.4561798572540283
10.638283729553223,-2.4123125076293945,0.9699217677116394
11.056746482849121,-2.249791383743286,1.3032417297363281
10.093962669372559,-2.3503670692443848,1.1116538047790527
11.217568397521973,-0.6607608199119568,-2.514636278152466
11.733355522155762,-0.8969456553459167,-2.440387010574341
11.324883460998535,-1.1835813522338867,-2.3149805068969727
1.084821105003357,0.5747746825218201,-2.535672426223755
10.32118034362793,-2.5238168239593506,0.6247786283493042
14.792351722717285,0.6449304819107056,-2.518742561340332
9.96781063079834,-2.166621685028076,-1.4372718334197998
14.691681861877441,-2.5911099910736084,0.2148221731185913
14.007095336914062,-2.428842306137085,-0.9277526140213013
0.6008265614509583,0.5618161559104919,-2.5385749340057373
14.20580005645752,-2.2620129585266113,-1.2819116115570068
13.802301406860352,-2.241424322128296,-1.3175798654556274
14.09455680847168,-2.0383522510528564,-1.6140384674072266
14.474194526672363,-2.5465269088745117,0.5245954394340515
13.986064910888672,0.587224006652832,-2.532818078994751
12.197166442871094,-1.1335123777389526,-2.3399038314819336
14.415020942687988,0.590239942073822,-2.5321171283721924
10.287391662597656,-1.6797664165496826,-1.9845364093780518
12.886462211608887,-1.8712217807769775,1.8051396608352661
12.506464958190918,-2.106827974319458,1.5235735177993774
12.944130897521973,-2.205049514770508,1.3775910139083862
13.501134872436523,-2.5292015075683594,0.602611243724823
11.976753234863281,-2.0393455028533936,1.6127831935882568
12.195086479187012,-2.3077869415283203,1.197547197341919
13.960184097290039,-2.5528206825256348,-0.4930584728717804
11.82608699798584,-2.594991683959961,-0.1612998992204666
11.643095016479492,-2.3359017372131348,-1.1417367458343506
12.980094909667969,-2.389089584350586,1.0257930755615234
14.194218635559082,-2.591076374053955,0.21522699296474457
11.760897636413574,-1.3576750755310059,-2.21736741065979
12.986137390136719,-1.2627190351486206,-2.272782564163208
11.001822471618652,-1.458630084991455,-2.1523005962371826
10.38079833984375,-2.599059820175171,-0.06991890072822571
13.242402076721191,-1.502579927444458,-2.1218514442443848
10.294928550720215,-2.5650148391723633,-0.4250868856906891
10.777388572692871,-2.542768716812134,0.5425195097923279
13.562396049499512,-2.3752644062042236,-1.0574113130569458
11.493901252746582,-2.46671199798584,-0.8217856884002686
13.620790481567383,-2.059133291244507,-1.587441325187683
12.547656059265137,-1.369887113571167,-2.209843635559082
12.683684349060059,-2.5637803077697754,-0.4324699342250824
11.618277549743652,-2.3245999813079834,1.1645748615264893
12.608948707580566,-2.3516902923583984,1.1088520288467407
10.306495666503906,-2.327746868133545,-1.15827214717865
11.010870933532715,-2.2906224727630615,-1.2300604581832886
11.263326644897461,-2.2971737384796143,-1.217781901359558
11.182368278503418,-2.3786683082580566,-1.049731731414795
12.69010066986084,-2.4052376747131348,-0.9873358607292175
11.566838264465332,-2.381021738052368,-1.0443830490112305
10.61244010925293,-2.5141284465789795,-0.662690281867981
10.66252613067627,-2.5782718658447266,-0.33543097972869873
11.50331974029541,-2.4163920879364014,-0.9597132802009583
12.743943214416504,-2.5380330085754395,-0.5642586946487427
11.553112983703613,-2.561892032623291,-0.4435190260410309
12.405402183532715,-2.595367908477783,-0.15512870252132416
12.043842315673828,-2.2877895832061768,-1.2353214025497437
12.746070861816406,-2.4643054008483887,-0.8289749622344971
12.198333740234375,-2.287698745727539,-1.2354897260665894
13.455246925354004,-2.24680495262146,-1.3083834648132324
12.822882652282715,-1.594962239265442,-2.0533132553100586
10.434825897216797,-2.156085252761841,-1.4530302286148071
11.699642181396484,-2.5891225337982178,-0.23758037388324738
10.57674789428711,-1.9509153366088867,-1.7186999320983887
11.89051342010498,-2.287952184677124,-1.235020399093628
12.535572052001953,-2.590189218521118,-0.22565379738807678
13.617305755615234,-2.5050528049468994,-0.6962119340896606
12.713193893432617,-2.4715330600738525,0.8071706891059875
10.263117790222168,-2.4656331539154053,-0.8250170946121216
11.436602592468262,-1.5770347118377686,-2.0671143531799316
12.351709365844727,-2.2880518436431885,-1.2348357439041138
12.600016593933105,-2.3436503410339355,-1.1257456541061401
11.96774673461914,-2.598682403564453,-0.08276040852069855
13.04120922088623,-1.8004952669143677,-1.8756910562515259
11.39377498626709,-2.3676328659057617,-1.0743904113769531
13.452569007873535,-1.7630661725997925,-1.9109153747558594
11.495560646057129,-2.5354177951812744,-0.5758958458900452
10.624985694885254,-2.41743540763855,-0.9570820331573486
10.889019966125488,-2.4771978855133057,-0.7896144986152649
11.180977821350098,-2.1723127365112305,-1.428655982017517
11.383169174194336,-2.243454933166504,-1.314119577407837
11.195816040039062,-1.7822946310043335,-1.8929938077926636
13.735906600952148,-2.589782953262329,0.23027057945728302
12.163290023803711,-1.5256893634796143,-2.1052961349487305
11.146434783935547,-2.4702043533325195,0.8112277388572693
10.545015335083008,-2.587398052215576,0.2556788921356201
10.769158363342285,-1.7347444295883179,-1.9366625547409058
11.801526069641113,-1.6942192316055298,-1.9722121953964233
12.261764526367188,-2.5987818241119385,-0.07958333194255829
12.335412979125977,-2.4645426273345947,0.828268826007843
13.113690376281738,-2.488896369934082,0.7519277930259705
10.93418025970459,-2.3952674865722656,-1.0112833976745605
13.577054023742676,-2.577468156814575,-0.34155139327049255
11.481273651123047,-2.314049482345581,-1.1854009628295898
11.92751407623291,-2.461392879486084,0.8375828266143799
12.370615005493164,-2.110889434814453,-1.5179413557052612
12.560482025146484,-2.186708927154541,-1.4065219163894653
12.412863731384277,-2.2175099849700928,-1.3574423789978027
10.903542518615723,-2.546281576156616,-0.525784969329834
10.783719062805176,-2.5993242263793945,-0.05927036330103874
13.872847557067871,-2.598029851913452,-0.10119442641735077
11.573585510253906,-2.4820892810821533,0.7741009593009949
13.076240539550781,-2.5658442974090576,0.42005178332328796
12.799181938171387,-2.5358147621154785,0.5741456747055054
12.799529075622559,-2.5839178562164307,0.2887352705001831
10.927459716796875,-2.592559337615967,0.19655972719192505
11.141408920288086,-2.564816474914551,0.4262816607952118
12.275748252868652,-2.2129926681518555,-1.364794135093689
11.44517707824707,-2.5441970825195312,0.5357803702354431
11.426471710205078,-2.5851941108703613,0.27707746624946594
11.617039680480957,-2.574347972869873,0.3643242120742798
11.080728530883789,-2.597733736038208,-0.10853468626737595
10.973487854003906,-2.5832247734069824,-0.29487180709838867
10.983681678771973,-1.9779255390167236,-1.687545657157898
11.647294998168945,-2.5949723720550537,0.16161039471626282
11.227758407592773,-2.5968594551086426,0.12775559723377228
11.47291088104248,-2.165006637573242,-1.439703345298767
11.56510066986084,-2.2559657096862793,-1.2925243377685547
12.163309097290039,-1.7982432842254639,-1.8778501749038696
11.867337226867676,-1.9257029294967651,-1.7469024658203125
13.326643943786621,-2.462491512298584,-0.8343476057052612
11.240303993225098,-2.5830585956573486,-0.2963237166404724
13.010552406311035,-2.5965564250946045,0.1337708681821823
11.139820098876953,-2.4479734897613525,-0.876028299331665
13.332154273986816,-2.54191517829895,-0.5465050935745239
10.823335647583008,-2.1591405868530273,-1.4484862089157104
12.412124633789062,-1.9387240409851074,-1.7324401140213013
12.616554260253906,-2.0609753131866455,-1.5850491523742676
13.335307121276855,-2.5927419662475586,0.19413724541664124
12.443321228027344,-1.7037068605422974,-1.964022159576416
11.734378814697266,-2.276972532272339,-1.2551480531692505
12.691116333007812,-1.864214539527893,-1.8123753070831299
12.593287467956543,-2.5725257396698,0.3769768476486206
11.356051445007324,-2.0095393657684326,-1.649773120880127
11.345906257629395,-2.4305479526519775,-0.9232749938964844
12.567228317260742,-2.5948634147644043,0.16335037350654602
12.75068473815918,-2.5993120670318604,0.05980375409126282
10.69061279296875,-2.3056294918060303,-1.2016957998275757
11.549222946166992,-1.8599439859390259,-1.8167576789855957
12.44183349609375,-2.5441372394561768,0.5360653400421143
11.7694730758667,-2.545474052429199,0.5296814441680908
13.213488578796387,-1.99635648727417,-1.6657012701034546
13.269743919372559,-2.5841166973114014,-0.2869517505168915
11.326467514038086,-2.5966293811798096,-0.13234858214855194
11.444608688354492,-2.581984281539917,-0.3055438697338104
11.376916885375977,-2.561295986175537,-0.44694772362709045
11.810811042785645,-2.5887868404388428,0.24120980501174927
12.646758079528809,-2.5821635723114014,-0.304024875164032
13.255215644836426,-2.3578779697418213,-1.0956330299377441
11.120165824890137,-2.51127290725708,-0.6734303832054138
12.792448043823242,-2.505403995513916,-0.6949464082717896
12.222387313842773,-2.574279546737671,0.3648078143596649
12.397695541381836,-2.5863285064697266,0.2662793695926666
12.134236335754395,-2.0105628967285156,-1.6485258340835571
13.143636703491211,-2.244788408279419,-1.3118401765823364
11.600578308105469,-2.5815927982330322,-0.30883362889289856
13.46880054473877,-2.599219799041748,-0.06369256228208542
11.157803535461426,-2.5565438270568848,-0.4733752906322479
11.632328033447266,-2.056668758392334,-1.5906331539154053
11.45628547668457,-2.508096218109131,-0.6851664781570435
12.026308059692383,-2.579559803009033,0.3253781199455261
12.20877456665039,-2.596553325653076,0.1338329166173935
13.077329635620117,-2.4337244033813477,-0.914868950843811
12.889694213867188,-2.0222034454345703,-1.634225606918335
11.991127967834473,-2.597602128982544,0.11164076626300812
12.506115913391113,-2.2776880264282227,-1.2538491487503052
11.48015022277832,-2.599647283554077,0.042819470167160034
11.535537719726562,-2.595440626144409,-0.15390846133232117
13.174847602844238,-2.5991058349609375,-0.06818370521068573
13.29945182800293,-2.132890462875366,-1.4868685007095337
12.160712242126465,-2.1448307037353516,-1.4695922136306763
11.877784729003906,-2.1088404655456543,-1.5207867622375488
13.034836769104004,-2.137526273727417,-1.4801963567733765
12.889530181884766,-2.2528975009918213,-1.297864556312561
12.107843399047852,-2.5998764038085938,-0.025345632806420326
11.68542194366455,-2.183413505554199,-1.4116320610046387
11.311483383178711,-2.5298118591308594,-0.6000432372093201
13.00117015838623,-2.5847606658935547,-0.28109103441238403
12.11567211151123,-2.532857894897461,0.5870525240898132
12.133187294006348,-2.224039316177368,-1.3467179536819458
11.992472648620605,-2.2119369506835938,-1.366504430770874
11.319323539733887,-2.4837539196014404,-0.7687436938285828
13.081424713134766,-2.5590763092041016,-0.45948731899261475
12.90493392944336,-2.5981690883636475,-0.097555011510849
12.778244018554688,-2.161172866821289,-1.4454522132873535
12.991815567016602,-2.3403751850128174,-1.1325390338897705
11.818231582641602,-2.599926471710205,0.019553694874048233
13.115461349487305,-2.5100057125091553,-0.6781385540962219
11.830025672912598,-2.21709942817688,-1.3581128120422363
12.867945671081543,-2.4143917560577393,-0.9647344946861267
12.923125267028809,-2.4814271926879883,-0.7762206792831421
12.861509323120117,-2.5639007091522217,-0.4317563772201538
12.783101081848145,-2.339017391204834,-1.1353403329849243
12.678498268127441,-2.2710180282592773,-1.2658897638320923
12.398416519165039,-2.599567174911499,0.04743959382176399
12.794858932495117,-2.583789110183716,-0.2898862063884735
12.694281578063965,-2.5958211421966553,-0.14735057950019836
12.54963207244873,-2.5996177196502686,-0.044585537165403366
12.928008079528809,-2.532860517501831,-0.5870411396026611
11.667823791503906,-2.5994207859039307,-0.05487976595759392
15.079999923706055,-1.1847738027572632,-2.314370632171631
1.4138848781585693,-0.8124369978904724,-2.4698069095611572
2.2797493934631348,-0.3273014724254608,-2.5793166160583496
3.076911687850952,0.10713016241788864,-2.597791910171509
12.14901351928711,0.0807206928730011,-2.5987465381622314
10.631159782409668,-0.4306744337081909,-2.564082622528076
9.077796936035156,-2.4686384201049805,0.8159803152084351
8.880980491638184,-1.9529105424880981,-1.7164324522018433
1.7693284988171132e-14,-0.5830642580986023,-2.5337789058685303
9.46721363067627,-2.253384828567505,1.29701828956604
9.053484916687012,-1.6020969152450562,-2.0477514266967773
9.864304542541504,-2.0246987342834473,1.6311330795288086
9.545991897583008,-0.7996014952659607,-2.473992109298706
13.242204666137695,-2.0763580799102783,1.564844012260437
8.807976722717285,-2.592539072036743,0.1968291848897934
15.079999923706055,-2.5383989810943604,0.5626100301742554
10.959368705749512,-1.9096729755401611,1.7644118070602417
15.079999923706055,-2.16890811920166,-1.433819055557251
11.620457649230957,-0.1754934936761856,-2.5940704345703125
9.250578880310059,-1.2487332820892334,-2.280496835708618
8.68072509765625,-2.553701877593994,-0.48847344517707825
12.355215072631836,-1.7126355171203613,1.956241250038147
8.731057167053223,-2.3006904125213623,-1.2111248970031738
14.45164680480957,-2.0319602489471436,1.6220780611038208
11.493624687194824,-2.076122283935547,1.5651568174362183
-0.4371761083602905,0.17753393948078156,-2.556825876235962
15.538342475891113,-2.541055202484131,-0.3048937916755676
11.830629348754883,0.45944616198539734,-2.5590837001800537
3.4084949493408203,0.46022266149520874,-2.5589442253112793
2.0465500354766846,-0.8215486407279968,-2.4667909145355225
15.561203002929688,-0.3536341190338135,-2.530491352081299
2.9434406757354736,-0.35401833057403564,-2.5757853984832764
13.42687702178955,-1.725090503692627,1.9452667236328125
1.084897756576538,-1.3100024461746216,-2.245861530303955
9.949522018432617,-0.26563307642936707,-2.586395025253296
11.0248384475708,-0.12320839613676071,-2.597079038619995
12.894062042236328,-1.313611626625061,2.2437522411346436
15.559475898742676,0.23509250581264496,-2.544569730758667
0.431921124458313,-1.2715778350830078,-2.2678382396698
11.619243621826172,-1.6414551734924316,2.0163395404815674
10.332042694091797,-1.7163459062576294,1.9529865980148315
15.079999923706055,-2.27697491645813,1.2551432847976685
13.988097190856934,-1.72842276096344,1.9423065185546875
5.643863677978516,0.18286100029945374,-2.5935616493225098
4.970167636871338,0.3370075821876526,-2.578066349029541
16.896974563598633,0.3287186920642853,1.8304506540298462
-0.6759002208709717,0.5480256080627441,-2.4500668048858643
15.079999923706055,0.2923676073551178,2.5835094451904297
17.41851806640625,0.32559409737586975,1.0887235403060913
9.598228454589844,0.4271031618118286,-2.5646798610687256
10.453083038330078,0.26493924856185913,-2.586466073989868
10.225767135620117,0.21284045279026031,2.591273546218872
6.824813365936279,0.0829540267586708,-2.5986762046813965
-0.472461998462677,-0.3303360641002655,-2.535282611846924
8.884468078613281,0.5190331339836121,-2.547666549682617
11.201923370361328,0.39335155487060547,-2.570072889328003
9.335830688476562,0.052226368337869644,2.599475383758545
2.5567846298217773,0.3408868908882141,2.5775561332702637
4.965052604675293,0.34718748927116394,2.5767152309417725
7.63416051864624,0.0710115134716034,-2.599030017852783
11.020143508911133,0.2865774631500244,2.584158182144165
1.7807143926620483,0.34811675548553467,2.576589822769165
4.155857086181641,0.3976265490055084,-2.5694148540496826
5.824368476867676,0.2858605682849884,2.584237575531006
15.572519302368164,-1.5346225500106812,-2.0401859283447266
12.505743026733398,0.24482397735118866,2.5884475708007812
15.559164047241211,-0.9585008025169373,-2.3688981533050537
-1.7702913284301758,0.2691073417663574,1.8851127624511719
-1.805182387034851e-14,0.2777312099933624,2.5851237773895264
16.226221084594727,0.35214561223983765,2.30698299407959
1.0337260961532593,0.35829606652259827,2.5751938819885254
15.486424446105957,-1.9749857187271118,-1.641417145729065
15.729514122009277,-2.258260726928711,-1.112829566001892
3.346376419067383,0.32938459515571594,2.5790512561798096
-1.1044508218765259,0.35606276988983154,2.3266730308532715
14.242383003234863,0.11970637738704681,2.597242832183838
11.76971435546875,0.34407371282577515,2.5771327018737793
8.448247909545898,0.26020145416259766,2.586946964263916
-2.1020925045013428,0.4448811411857605,-1.4639971256256104
13.347627639770508,0.1454421430826187,2.595928907394409
16.978731155395508,0.3004988133907318,-1.7505768537521362
4.151932716369629,0.2968539297580719,2.5829977989196777
-1.683612585067749,0.4854816496372223,-1.9208738803863525
7.74846887588501,0.3800434470176697,2.5720744132995605
17.642927169799805,0.3198091983795166,0.29854366183280945
17.620670318603516,0.34555143117904663,-0.4307972490787506
-2.5603442192077637,0.39978834986686707,-0.2116755247116089
16.424625396728516,0.4484524726867676,-2.179649591445923
2.7221031188964844,-0.8250427842140198,-2.4656245708465576
17.403087615966797,0.3806074857711792,-1.10381281375885
-2.414463996887207,0.3914662003517151,-0.8815431594848633
-1.2076162099838257,0.5160136818885803,-2.2439680099487305
1.7210090160369873,-1.3567665815353394,-2.217923402786255
-2.2624411582946777,0.34839460253715515,1.2328752279281616
-2.534921169281006,0.32962584495544434,0.4748910367488861
12.154365539550781,-1.1523785591125488,2.330670118331909
9.184990882873535,-1.8480949401855469,1.8288097381591797
8.713476181030273,-2.176060438156128,1.4229410886764526
8.517903327941895,-1.175049901008606,-2.3193225860595703
1.6137387108018653e-14,-1.1914016008377075,-2.3109655380249023
8.311877250671387,-1.6075679063796997,-2.043459177017212
6.54463529586792,0.3197171986103058,2.5802676677703857
8.803023338317871,-0.6903917789459229,-2.5066630840301514
9.636541366577148,-1.5148049592971802,2.1131412982940674
3.6702094078063965,-0.21222718060016632,-2.5913238525390625
1.348131537437439,-1.8284406661987305,-1.848460078239441
0.637463390827179,-1.8196430206298828,-1.857121229171753
3.4506890773773193,-0.863467276096344,-2.45243239402771
2.4422805309295654,-1.367682933807373,-2.2112085819244385
8.14742660522461,-2.0458834171295166,-1.60448157787323
15.937088012695312,0.5115130543708801,-2.4007821083068848
1.3225685940843578e-14,-1.781232237815857,-1.893993616104126
13.791719436645508,-1.1610106229782104,2.3263821601867676
12.702736854553223,-0.5552818775177002,2.5400121212005615
9.202136039733887,-0.13688479363918304,-2.5963940620422363
8.312188148498535,-2.468702793121338,0.8157857656478882
10.898660659790039,-1.3598867654800415,2.2160117626190186
8.42654800415039,-0.00886197853833437,-2.599984884262085
3.196575403213501,-1.3568426370620728,-2.21787691116333
7.954903602600098,-2.5998213291168213,-0.03047637641429901
-0.4684739410877228,0.2539903521537781,2.544802665710449
2.1016013622283936,-1.8656179904937744,-1.810930609703064
11.461751937866211,-0.9536960124969482,2.4187731742858887
0.9598299860954285,-2.2119321823120117,-1.3665122985839844
10.198573112487793,-1.090367317199707,2.3603174686431885
8.864123560051e-15,-2.269061803817749,-1.2693928480148315
8.009769439697266,-2.4229812622070312,-0.9429540038108826
14.451650619506836,-1.4661190509796143,2.1472063064575195
8.42129135131836,-1.692396879196167,1.9737763404846191
8.918994903564453,-1.2762590646743774,2.265207052230835
13.266789436340332,-0.6706191897392273,2.5120251178741455
4.5689897537231445,-0.384040504693985,-2.5714807510375977
2.880567789077759,-1.869146704673767,-1.8072881698608398
3.9654574394226074,-1.3783074617385864,-2.204601764678955
1.7369191646575928,-2.242356777191162,-1.3159922361373901
7.753910064697266,-1.167099118232727,-2.323333740234375
8.036505699157715,-0.6111241579055786,-2.52715802192688
11.9927978515625,-0.4182729721069336,2.5661346912384033
7.543776512145996,-1.7062413692474365,-1.9618207216262817
4.087082386016846,-0.8206787705421448,-2.467080593109131
14.374402046203613,-0.737553060054779,2.4931938648223877
13.786887168884277,-0.4535883963108063,2.5601284503936768
9.456934928894043,-0.8338034152984619,2.4626758098602295
6.165872573852539,-0.08274442702531815,-2.5986831188201904
10.751791954040527,-0.569338858127594,2.536898374557495
15.079999923706055,-1.8195542097091675,1.857208251953125
15.079999923706055,-0.46370434761047363,2.5583155155181885
1.3978731632232666,-0.3096528947353363,2.5814948081970215
3.6759276390075684,-1.854249358177185,-1.822569489479065
0.6865172982215881,-0.22817863523960114,2.589967966079712
2.5302019119262695,-2.2656521797180176,-1.2754687070846558
9.99531078338623,-0.4413202404975891,2.5622718334198
15.079999923706055,-1.2001816034317017,2.306417942047119
11.439658164978027,-0.27868741750717163,2.5850210189819336
15.631693840026855,0.18491008877754211,2.5340564250946045
2.186583995819092,-0.32808175683021545,2.5792174339294434
7.167809963226318,-0.0716010257601738,2.5990138053894043
8.159520149230957,-1.0601168870925903,2.374058246612549
7.387763500213623,-2.1936733722686768,-1.3956351280212402
6.968967437744141,-1.2591843605041504,-2.274742841720581
7.2522501945495605,-0.6007339954376221,-2.5296478271484375
-1.782015358301088e-14,-0.4975579082965851,2.551947593688965
1.2956067323684692,-2.498220205307007,-0.7203444242477417
0.6021517515182495,-2.4743714332580566,-0.7984272837638855
7.9066667556762695,-2.1181979179382324,1.5077259540557861
4.621212005615234,-1.1884084939956665,-2.3125061988830566
8.713232040405273,-0.56464022397995,2.5379483699798584
4.552295684814453,-1.80352783203125,-1.8727753162384033
0.8799352645874023,-0.9319595694541931,2.4272313117980957
3.334338665008545,-2.2659013271331787,-1.2750259637832642
1.785921335220337,-0.9705751538276672,2.4120497703552246
2.9862520694732666,-0.33359768986701965,2.57850980758667
2.1047768592834473,-2.5181055068969727,-0.6474137902259827
6.768110275268555,-1.8713536262512207,-1.8050029277801514
6.51547384262085,-0.6860325336456299,-2.507859468460083
7.671679973602295,-1.6146600246429443,2.0378599166870117
2.5815114974975586,-0.9956103563308716,2.4018242359161377
1.3731814622879028,-1.5432770252227783,2.092437744140625
-0.5628527998924255,-0.9221482276916504,-2.3649184703826904
-1.593539177295513e-14,-1.245913028717041,2.282038688659668
3.4687369265855783e-15,-2.5521063804626465,-0.4967428743839264
5.227190017700195,-0.31762972474098206,-2.5805253982543945
4.070062637329102,-2.271888017654419,-1.2643277645111084
0.5955148339271545,-1.531160831451416,2.101320266723633
7.948224067687988,-0.3160087466239929,2.5807244777679443
2.160797357559204,-1.573287844657898,2.06996750831604
7.247006416320801,-2.5139081478118896,-0.6635250449180603
2.8707520961761475,-2.518220901489258,-0.6469650864601135
-0.5990568399429321,-1.5244542360305786,-2.019200325012207
3.7879929542541504,-0.33969083428382874,2.577714204788208
0.9709303975105286,-2.0263304710388184,1.6291056871414185
7.377973556518555,-2.466560125350952,0.8222417831420898
-1.2560748136590007e-14,-1.8773449659347534,1.7987706661224365
1.7680293321609497,-2.0408270359039307,1.610908031463623
2.965424060821533,-1.6063122749328613,2.0444464683532715
6.222921371459961,-1.376123070716858,-2.205965757369995
0.7488400340080261,-2.595534086227417,-0.15232521295547485
2.56636381149292,-2.0610439777374268,1.5849599838256836
1.6070224046707153,-2.5922868251800537,0.20012126863002777
3.3946011066436768,-1.0122014284133911,2.3948795795440674
5.103462219238281,-0.8253457546234131,-2.4655232429504395
3.6902148723602295,-2.525306224822998,-0.6187317967414856
-0.6576038599014282,-2.0031063556671143,-1.5215524435043335
1.3487472534179688,-2.388648509979248,1.0268193483352661
7.420611381530762,-0.9596109986305237,2.4164326190948486
0.6594220995903015,-2.282076835632324,1.2458431720733643
2.512624740600586,-2.59411358833313,0.1748577207326889
4.886723041534424,-2.273590087890625,-1.261264443397522
3.369187593460083,-2.090358257293701,1.5460926294326782
2.166778087615967,-2.4022397994995117,0.9946075081825256
4.5089826583862305,-2.5247464179992676,-0.6210114359855652
6.618353366851807,-2.331162214279175,-1.1513830423355103
5.362059116363525,-1.4504812955856323,-2.1578006744384766
-7.84517257065723e-15,-2.344740390777588,1.1234732866287231
0.8672473430633545,-2.5257375240325928,0.6169679164886475
4.58577823638916,-0.37285807728767395,2.5731258392333984
-2.2797946832491065e-15,-2.579420804977417,0.32647955417633057
2.98442006111145,-2.4101722240448,0.9752278923988342
3.7628235816955566,-1.6195037364959717,2.034012794494629
4.156956195831299,-1.0248345136642456,2.389500856399536
7.130372047424316,-2.5996172428131104,0.04460867494344711
6.009777545928955,-1.9766654968261719,-1.6890214681625366
5.737860202789307,-0.7171542048454285,-2.4991378784179688
15.716383934020996,-2.33404541015625,0.9524958729743958
5.303852081298828,-1.921450138092041,-1.7515790462493896
3.338888168334961,-2.5935890674591064,0.18247005343437195
4.179996967315674,-2.589484930038452,0.23359794914722443
3.7953202724456787,-2.4235057830810547,0.9416050910949707
4.1854376792907715,-2.1024069786071777,1.5296682119369507
4.692534923553467,-1.6479010581970215,2.0110747814178467
4.946005821228027,-0.9976252913475037,2.4009881019592285
7.143632411956787,-2.058342218399048,1.588467001914978
5.403896808624268,-0.3443816602230072,2.577091693878174
5.26737117767334,-2.5325591564178467,-0.5883399844169617
4.611686706542969,-2.4329729080200195,0.9168658256530762
-0.6383522152900696,-2.376957893371582,-0.8381989598274231
5.077834606170654,-2.1675045490264893,1.435940146446228
6.923607349395752,-1.543335199356079,2.0923948287963867
5.083701133728027,-2.593890428543091,0.17813540995121002
6.552824020385742,-2.564692735671997,-0.42702558636665344
5.81405782699585,-2.3971810340881348,-1.0067386627197266
5.336634159088135,-2.4449992179870605,0.8842954635620117
5.3510661125183105,-1.3954471349716187,2.1937928199768066
-0.6133419871330261,-1.2157357931137085,2.2149035930633545
6.6519646644592285,-0.9406931400299072,2.4238598346710205
5.836709499359131,-2.5958142280578613,-0.1474756896495819
5.553917407989502,-1.8697459697723389,1.8066682815551758
15.754898071289062,-1.9993044137954712,1.5189781188964844
6.433392524719238,-2.5581440925598145,0.46464911103248596
5.979960918426514,-2.313140392303467,1.1871737241744995
6.1793646812438965,-0.46819549798965454,2.557497501373291
5.588118553161621,-0.9293962717056274,2.4282138347625732
5.765820503234863,-2.542891502380371,0.5419439673423767
6.647294044494629,-2.3194286823272705,1.1748404502868652
6.384544849395752,-1.98482084274292,1.679430365562439
15.590791702270508,-0.9310868382453918,2.3732190132141113
6.06026029586792,-1.3651847839355469,2.212751865386963
-0.7747334241867065,-2.1244211196899414,1.2832082509994507
15.688313484191895,-1.4830230474472046,2.0470950603485107
-0.6588406562805176,-2.5144691467285156,-0.058083005249500275
-0.8553334474563599,-0.4392037093639374,2.4156789779663086
-0.5166060924530029,-2.4518942832946777,0.693781316280365
-0.9524696469306946,0.04292032867670059,-2.4188756942749023
-1.4912214279174805,-0.01683598756790161,-2.1297829151153564
-1.9688600301742554,-0.048141781240701675,-1.6974310874938965
-1.1020170450210571,-0.5213238596916199,-2.296471118927002
-2.31579327583313,-0.1347312480211258,-1.1742867231369019
-1.6712902784347534,-0.6236821413040161,-1.8915098905563354
-1.194650411605835,-1.1468913555145264,-2.0043578147888184
-2.0741963386535645,-0.6750810146331787,-1.4149117469787598
16.0729923248291,-2.390423536300659,0.24462541937828064
-2.5300843715667725,-0.17557775974273682,-0.5725783705711365
-1.6788705587387085,-1.2371383905410767,-1.5527015924453735
-1.0858992338180542,-1.624464511871338,1.715207815170288
-2.3375823497772217,-0.7453821897506714,-0.8602989912033081
-1.1610671281814575,-1.623150110244751,-1.6665253639221191
-2.5879881381988525,-0.2362586408853531,0.08061698824167252
-2.4593522548675537,-0.8094712495803833,-0.23736600577831268
-1.9864686727523804,-1.2342206239700317,-1.136064052581787
-1.4862140417099,-1.8324463367462158,-1.0923864841461182
-2.1258718967437744,-1.3748730421066284,-0.5919395089149475
-2.4143855571746826,-0.844725489616394,0.4660269618034363
-2.458036422729492,-0.3018328845500946,0.7918040156364441
-2.209704875946045,-1.3611432313919067,0.156502366065979
-2.187351942062378,-0.8206787109375,1.141042709350586
-2.0554163455963135,-1.3455967903137207,0.851253867149353
-1.4069393873214722,-0.3073394298553467,2.164731979370117
-2.178027868270874,-0.20317067205905914,1.4053171873092651
-1.76414155960083,-1.9029808044433594,-0.16269220411777496
15.916037559509277,-0.3183351159095764,2.4412505626678467
-1.8502883911132812,-0.5770096182823181,1.7330586910247803
-1.3360910415649414,-0.9719560146331787,2.007526397705078
-1.751459002494812,-1.253888487815857,1.4560753107070923
-1.7894896268844604,-1.8122475147247314,0.5229586958885193
-1.5143319368362427,-1.8160496950149536,1.0810930728912354
-1.2430812120437622,-2.253009080886841,-0.372423380613327
-1.1957441568374634,-2.2482340335845947,0.5250141024589539
16.058927536010742,-0.013096706010401249,-2.4086368083953857
16.1041316986084,-0.6650763750076294,-2.2953927516937256
16.07992935180664,-1.287161111831665,-2.02567458152771
16.601341247558594,-0.2527109682559967,-2.0932416915893555
16.055269241333008,-1.803877830505371,-1.5983974933624268
16.605470657348633,-0.9295734167098999,-1.8891346454620361
17.15333366394043,-0.4301793575286865,-1.5087194442749023
16.53343963623047,-1.4487717151641846,-1.5964245796203613
16.247974395751953,-2.2571048736572266,-0.548922061920166
16.656042098999023,-1.786800503730774,-1.0408828258514404
17.008506774902344,-1.1557000875473022,-1.3058416843414307
17.512451171875,-0.2741011083126068,-0.8763864636421204
17.660945892333984,-0.30349451303482056,-0.0812772586941719
17.273418426513672,-1.2611886262893677,-0.5985981822013855
17.357080459594727,-0.7840585708618164,-0.979875922203064
17.516746520996094,-0.7730413675308228,-0.47399789094924927
17.572078704833984,-0.3318864107131958,0.6628720164299011
17.463716506958008,-1.023382544517517,0.17487995326519012
16.929786682128906,-1.8186497688293457,-0.1754976063966751
16.587024688720703,-0.3282898962497711,2.0931081771850586
17.217716217041016,-0.338247686624527,1.4407482147216797
16.147945404052734,-0.9762303829193115,2.160200357437134
17.273149490356445,-0.9696770310401917,1.0048975944519043
16.794261932373047,-0.9244379997253418,1.7224178314208984
16.399194717407227,-1.9594329595565796,1.0864369869232178
16.32991600036621,-1.526055932044983,1.6937721967697144
16.981224060058594,-1.656533122062683,0.6334413886070251
16.865381240844727,-1.4233015775680542,1.2436344623565674
