x-coordinate,y-coordinate,z-coordinate
8.426547721,-0.008861978505,-2.599984897
1.815542133e-14,-0.01448182976,-2.599959668
15.08,-0.02133248435,-2.599912484
7.634160651,0.0710115126,-2.599030082
12.14901352,0.08072069505,-2.598746654
6.165872394,-0.08274443014,-2.598683005
6.82481358,0.08295402501,-2.598676323
12.63494059,0.08955841381,-2.598457098
3.076911692,0.1071301661,-2.597791972
13.20690759,0.1231173115,-2.597083389
11.02483832,-0.1232083958,-2.597079069
2.484705444,0.1256741375,-2.596960918
9.202135756,-0.1368847997,-2.596394144
1.900495994,0.1486342639,-2.595748034
14.26147817,0.1493012407,-2.595709756
1.363882939,0.1543335155,-2.595415413
0.8557621593,0.1632317479,-2.594870979
11.62045751,-0.1754934903,-2.594070553
5.643863445,0.1828610057,-2.593561615
13.7133748,0.1845041788,-2.593445239
0.4084697851,0.1876870713,-2.593216837
3.670209416,-0.2122271734,-2.591323914
0.5299286161,-0.2259583113,-2.590162706
14.72076134,0.2541826224,-2.587545399
10.45308312,0.2649392415,-2.58646616
9.949522419,-0.2656330648,-2.586394996
14.02336359,-0.2845295986,-2.584384435
13.45972554,-0.3015246363,-2.582456755
1.10145887,-0.3118343859,-2.581232131
5.227189986,-0.3176297261,-2.580525403
1.670954816,-0.3250945314,-2.579595617
14.61360683,-0.3252838661,-2.579571749
2.279749455,-0.3273014818,-2.579316526
4.970167455,0.3370075685,-2.57806631
2.943440671,-0.3540183299,-2.575785516
4.568989749,-0.3840404974,-2.571480682
12.89988778,-0.3908689521,-2.570451607
11.20192307,0.3933515456,-2.570072871
4.155857192,0.397626554,-2.569414938
9.598228094,0.4271031537,-2.564679882
10.63115994,-0.4306744466,-2.564082589
11.8306293,0.4594461665,-2.559083668
3.408494919,0.460222672,-2.558944136
-0.4371761183,0.1775339352,-2.556825912
15.08,0.4973165986,-2.551994553
1.78133922e-14,0.5024991242,-2.550979151
2.725693864,0.5136939782,-2.548748418
12.22439904,-0.5189268731,-2.547688148
8.884467724,0.5190331407,-2.547666501
15.55947568,0.2350925028,-2.544569627
12.46184908,0.5361702665,-2.544115061
2.090984654,0.5540017706,-2.540291723
0.6008265425,0.5618161293,-2.538574922
1.570356018,0.5676136798,-2.537284909
13.01610726,0.5688396925,-2.537010328
1.084821052,0.5747746816,-2.53567231
-0.4724620036,-0.3303360723,-2.535282575
13.51740957,0.5803130365,-2.534410539
1.7693284250000002e-14,-0.5830642667,-2.533779008
13.98606451,0.5872240058,-2.532818187
15.08,-0.5900850442,-2.532153163
14.41502064,0.5902399691,-2.532117055
15.56120323,-0.3536341275,-2.530491327
7.252249987,-0.6007340239,-2.529647927
8.036506121,-0.611124131,-2.527157948
14.79235196,0.6449304911,-2.518742675
11.21756794,-0.6607608331,-2.514636181
14.21087738,-0.6842360753,-2.508350253
6.515473845,-0.686032549,-2.507859514
8.803023399,-0.6903917563,-2.506662966
5.737860363,-0.717154181,-2.499137827
13.73709538,-0.7213682812,-2.497924699
0.7603485277,-0.7638936873,-2.485249773
9.545991868,-0.7996014826,-2.473992213
1.413884835,-0.812436975,-2.469806908
4.087082499,-0.8206787682,-2.467080534
2.046550123,-0.8215486152,-2.466791007
13.2099342,-0.8247285348,-2.465729678
2.722103197,-0.8250427692,-2.465624551
5.103462213,-0.8253457535,-2.465523147
3.450689191,-0.8634672865,-2.452432312
-0.67590025,0.5480256106,-2.450066689
10.21632849,-0.8956007707,-2.440880837
11.7333558,-0.8969456405,-2.440386961
12.67314144,-0.9375648744,-2.425071567
-0.9524696299,0.04292032865,-2.418875658
0.0,0.9568,-2.417547054
0.4343017733,0.9568,-2.417547054
0.8637821701,0.9568,-2.417547054
1.305859934,0.9568,-2.417547054
1.78462104,0.9568,-2.417547054
2.319302845,0.9568,-2.417547054
2.963339648,0.9568,-2.417547054
3.724858139,0.9568,-2.417547054
4.576375658,0.9568,-2.417547054
5.480006273,0.9568,-2.417547054
6.361926577,0.9568,-2.417547054
7.22317568,0.9568,-2.417547054
8.074603523,0.9568,-2.417547054
8.941254231,0.9568,-2.417547054
9.825746321,0.9568,-2.417547054
10.70826489,0.9568,-2.417547054
11.50279416,0.9568,-2.417547054
12.19991139,0.9568,-2.417547054
12.8012041,0.9568,-2.417547054
13.310385,0.9568,-2.417547054
13.77089727,0.9568,-2.417547054
14.20123174,0.9568,-2.417547054
14.62880953,0.9568,-2.417547054
15.08,0.9568,-2.417547054
14.59638346,-0.9711728862,-2.411809119
16.05892671,-0.01309670644,-2.408636747
15.93708765,0.5115130533,-2.400782195
10.81334299,-1.009129334,-2.3961757
-0.4405481691,0.9568,-2.377067746
13.99979054,-1.065954994,-2.371442588
15.55591108,0.9568,-2.370241001
15.55916369,-0.9585008001,-2.368898136
-0.5628528086,-0.922148202,-2.364918478
14.58866814,0.9568,-2.363502597
14.1656879,0.9568,-2.362873576
15.03110036,0.9568,-2.36117938
0.9014681731,0.9568,-2.360705436
0.4767410966,0.9568,-2.360373971
13.73808081,0.9568,-2.360321649
0.04836471128,0.9568,-2.359473879
1.340700678,0.9568,-2.358531515
13.27954293,0.9568,-2.356530828
1.817539768,0.9568,-2.354598518
12.77212028,0.9568,-2.351857523
2.350504999,0.9568,-2.349107893
12.17293728,0.9568,-2.346496637
2.992487989,0.9568,-2.342140518
11.47877057,0.9568,-2.340881993
12.1971663,-1.133512368,-2.339903782
10.68819267,0.9568,-2.335387214
3.750766562,0.9568,-2.334482667
13.47957908,-1.149003335,-2.332336026
9.81071064,0.9568,-2.329136993
4.597592692,0.9568,-2.32737313
8.93179067,0.9568,-2.323743533
7.753909893,-1.1670991,-2.323333745
5.495229392,0.9568,-2.321866539
-0.3867354791,0.9568,-2.320674986
8.07096381,0.9568,-2.320108349
8.517902913,-1.175049904,-2.319322686
6.370494765,0.9568,-2.318440323
7.225038574,0.9568,-2.317644186
11.32488316,-1.183581338,-2.314980608
15.08,-1.184773785,-2.314370558
15.49663541,0.9568,-2.312616561
4.621211925,-1.188408465,-2.312506285
1.613738667e-14,-1.191401655,-2.31096562
14.54138047,0.9568,-2.298892912
14.1236396,0.9568,-2.297231838
-1.102016988,-0.5213238809,-2.296471199
16.10413144,-0.6650763576,-2.295392827
14.97488046,0.9568,-2.294217728
0.946573473,0.9568,-2.293354511
0.5271010521,0.9568,-2.292925765
13.6998251,0.9568,-2.2914361
0.1056214401,0.9568,-2.291071303
1.382653182,0.9568,-2.288410903
13.2447958,0.9568,-2.282972486
9.250578582,-1.248733243,-2.28049672
1.857114138,0.9568,-2.279620671
6.968967583,-1.25918433,-2.274742804
12.98613745,-1.262718987,-2.272782603
12.74104789,0.9568,-2.27264931
0.4319211198,-1.271577841,-2.267838132
2.387549219,0.9568,-2.26743836
12.14637807,0.9568,-2.260921345
-0.3228157799,0.9568,-2.25405609
3.025967798,0.9568,-2.25208282
11.4574329,0.9568,-2.248762952
1.084897725,-1.310002455,-2.245861431
-1.207616241,0.5160137078,-2.243968107
15.42953734,0.9568,-2.243933283
-0.9066399182,0.9568,-2.241101921
9.911833274,-1.319164543,-2.240492113
10.67269871,0.9568,-2.236952898
3.779080954,0.9568,-2.235349781
9.800939055,0.9568,-2.22359704
14.48498501,0.9568,-2.222936585
4.619312088,0.9568,-2.219980859
14.07318597,0.9568,-2.21974045
1.721009003,-1.356766562,-2.217923465
3.196575351,-1.356842686,-2.217876896
11.76089769,-1.357675048,-2.217367463
14.90839568,0.9568,-2.216096669
1.0001817,0.9568,-2.213668538
0.5869096175,0.9568,-2.213567969
8.926674113,0.9568,-2.21211812
2.442280491,-1.367682948,-2.211208573
0.1734883695,0.9568,-2.210810134
13.65360516,0.9568,-2.209957044
12.54765648,-1.369887069,-2.209843754
5.509847368,0.9568,-2.208188981
6.222921545,-1.376123101,-2.205965823
1.432407753,0.9568,-2.205206114
3.965457363,-1.378307426,-2.204601696
8.068648729,0.9568,-2.204464607
6.378397526,0.9568,-2.200916045
10.48737776,-1.384304836,-2.200840776
7.227025646,0.9568,-2.199240149
13.20270041,0.9568,-2.195905105
16.10093515,0.9568,-2.191397998
1.90383995,0.9568,-2.190527202
-0.8493823763,0.9568,-2.189378955
16.42462572,0.4484524589,-2.179649526
12.70333928,0.9568,-2.178895621
-0.2468330087,0.9568,-2.175698061
14.24135935,-1.431506003,-2.17043557
2.430934769,0.9568,-2.170417429
14.71771141,-1.438958168,-2.165502111
15.35031865,0.9568,-2.164057023
12.11407288,0.9568,-2.159647329
5.36205904,-1.450481248,-2.157800767
11.00182222,-1.458630093,-2.152300688
13.70211496,-1.460781947,-2.15084079
3.064688388,0.9568,-2.145249643
11.43140412,0.9568,-2.139742396
16.03329796,0.9568,-2.138396323
14.41449855,0.9568,-2.136337006
14.00943893,0.9568,-2.130792821
-1.491221455,-0.01683598704,-2.129782881
-0.7812523469,0.9568,-2.128233141
14.82577261,0.9568,-2.127918928
13.24240195,-1.502579962,-2.121851422
10.65372567,0.9568,-2.120421915
0.6565052235,0.9568,-2.119953248
1.061712422,0.9568,-2.119061186
3.811151034,0.9568,-2.118010134
0.2532130709,0.9568,-2.116529936
13.59431977,0.9568,-2.116029056
1.488149035,0.9568,-2.106412819
12.1632903,-1.525689415,-2.105296134
9.788941858,0.9568,-2.098679229
13.14676863,0.9568,-2.095225208
16.60134034,-0.2527109796,-2.093241678
4.643335313,0.9568,-2.093145291
1.955935545,0.9568,-2.085143179
-0.1570078197,0.9568,-2.083545885
8.92043431,0.9568,-2.080105582
15.2521432,0.9568,-2.074805608
5.525761371,0.9568,-2.074124169
15.95680893,0.9568,-2.073970803
12.65101306,0.9568,-2.070237531
8.065796519,0.9568,-2.06787341
11.43660294,-1.577034744,-2.067114273
6.386835832,0.9568,-2.062371745
7.229071109,0.9568,-2.059565798
2.480497878,0.9568,-2.05636666
-0.7001123484,0.9568,-2.056274074
12.82288235,-1.594962253,-2.053313276
9.05348511,-1.60209691,-2.047751325
8.311877659,-1.6075679,-2.043459187
12.06662385,0.9568,-2.041988069
15.57251901,-1.534622534,-2.040185949
14.33320583,0.9568,-2.035996733
13.93523259,0.9568,-2.026882208
14.73117401,0.9568,-2.026719057
16.07992939,-1.287161147,-2.025674552
3.111325751,0.9568,-2.020535193
-0.5990568118,-1.524454197,-2.01920042
9.72211623,-1.638857061,-2.018451767
11.39038172,0.9568,-2.012695877
0.7373979348,0.9568,-2.012674828
1.134273072,0.9568,-2.010240238
0.3455193126,0.9568,-2.008676937
13.5245557,0.9568,-2.005660745
-1.194650442,-1.146891334,-2.0043579
15.86640456,0.9568,-1.998822397
-1.36137577,0.9568,-1.997796229
1.555692798,0.9568,-1.992411425
10.28739187,-1.679766448,-1.984536389
10.62079413,0.9568,-1.984085714
3.853309364,0.9568,-1.981789426
-0.05239025304,0.9568,-1.977506836
13.08086802,0.9568,-1.97650448
15.13892306,0.9568,-1.972417682
11.80152612,-1.694219289,-1.97221221
-0.6036024935,0.9568,-1.971691226
12.44332104,-1.703706877,-1.964022118
2.020172437,0.9568,-1.963085203
7.543776384,-1.706241382,-1.961820671
9.764991078,0.9568,-1.952173077
-1.298557757,0.9568,-1.951026704
4.678855932,0.9568,-1.946304085
15.08,-1.729025761,-1.94176979
12.58872229,0.9568,-1.941749726
10.76915853,-1.734744437,-1.936662526
8.906462236,0.9568,-1.925280516
2.542029301,0.9568,-1.92374234
-1.683612556,0.4854816363,-1.920873849
5.552656636,0.9568,-1.918860106
15.75332553,0.9568,-1.916165452
13.45256877,-1.763066224,-1.910915354
8.062222477,0.9568,-1.907945358
12.00919397,0.9568,-1.90242247
6.404177832,0.9568,-1.901380121
14.44795875,-1.776490957,-1.898441435
13.91422816,-1.776610015,-1.898330018
7.236228015,0.9568,-1.896600881
-1.224157308,0.9568,-1.896027257
1.322568635e-14,-1.781232267,-1.893993562
11.1958159,-1.782294654,-1.892993863
-1.671290245,-0.623682149,-1.891509845
16.60547153,-0.9295734158,-1.889134692
12.16330917,-1.798243286,-1.877850123
13.04120955,-1.80049523,-1.875691053
3.169107575,0.9568,-1.874887018
-0.4902497402,0.9568,-1.87367609
4.55229561,-1.803527842,-1.872775299
11.33953417,0.9568,-1.861556936
0.6374634061,-1.819642982,-1.857121272
16.63409247,0.9568,-1.851845118
1.348131597,-1.828440725,-1.848460039
-1.136271433,0.9568,-1.83161619
3.675927608,-1.85424935,-1.822569436
3.904874228,0.9568,-1.822236607
10.57863688,0.9568,-1.821710395
15.62226148,0.9568,-1.820104069
11.54922316,-1.85994399,-1.816757649
12.69111676,-1.86421457,-1.812375248
2.101601415,-1.865617982,-1.810930575
2.880567776,-1.869146739,-1.807288153
16.55854399,0.9568,-1.806618271
6.768110452,-1.871353635,-1.805002929
9.733722384,0.9568,-1.778164154
4.720984386,0.9568,-1.774292505
-1.032294487,0.9568,-1.756606672
14.14843361,0.9568,-1.754171199
14.48820214,0.9568,-1.752654718
5.303852083,-1.921450188,-1.751579052
16.47225009,0.9568,-1.750755607
16.97873142,0.3004987992,-1.750576891
9.558790711,-1.924493237,-1.748235047
11.86733699,-1.925702878,-1.746902523
10.12678787,-1.927688117,-1.744711588
8.887828774,0.9568,-1.742056372
13.27435727,0.9568,-1.738884953
5.582987239,0.9568,-1.737043409
13.81328885,0.9568,-1.734121718
12.41212485,-1.938724093,-1.732440156
-0.08630247034,0.9568,-1.721920147
14.80320743,0.9568,-1.720280469
8.056123961,0.9568,-1.719075643
10.57674806,-1.950915296,-1.718699947
8.880980015,-1.952910547,-1.716432461
0.9923958216,0.9568,-1.713479361
6.422053162,0.9568,-1.712516062
7.241819683,0.9568,-1.704675721
-1.968860073,-0.04814178078,-1.697431112
1.308163392,0.9568,-1.693885753
0.500766946,0.9568,-1.693779324
6.009777434,-1.976665483,-1.689021483
10.98368122,-1.977925574,-1.68754568
16.3708158,0.9568,-1.685715257
-0.9107425889,0.9568,-1.66987229
-1.161067097,-1.623150145,-1.666525369
13.21348851,-1.996356521,-1.665701246
11.35605157,-2.009539435,-1.649773093
12.13423655,-2.010562786,-1.648525791
13.52875773,0.9568,-1.647064663
15.48642444,-1.974985771,-1.641417187
12.88969462,-2.022203392,-1.634225639
0.7458223395,0.9568,-1.633931617
-1.789852289,0.9568,-1.625103856
16.24623082,0.9568,-1.616182731
15.02394662,0.9568,-1.61487281
14.09455726,-2.038352192,-1.614038519
8.147426947,-2.045883387,-1.604481588
0.1993536862,0.9568,-1.599930631
16.05526942,-1.803877818,-1.598397438
16.53344042,-1.448771736,-1.596424564
1.670769244,0.9568,-1.595439285
11.63232757,-2.05666867,-1.590633201
13.62079051,-2.059133291,-1.587441366
-1.720145537,0.9568,-1.585053243
12.61655405,-2.060975305,-1.585049145
12.93694534,0.9568,-1.572593613
14.57986557,-2.078670335,-1.561771315
2.08126666,0.9568,-1.55515854
-1.678870524,-1.237138416,-1.552701614
15.28935867,0.9568,-1.549395254
-1.637870927,0.9568,-1.538145609
16.10196131,0.9568,-1.534364242
-0.6576038844,-2.003106383,-1.52155248
11.87778499,-2.108840351,-1.520786761
12.37061497,-2.110889365,-1.517941398
17.15333336,-0.4301793552,-1.508719496
14.59936571,0.9568,-1.49952098
14.00674669,0.9568,-1.495830923
13.30034672,0.9568,-1.4914895
13.29945146,-2.132890501,-1.486868559
-1.541088603,0.9568,-1.483494868
13.03483681,-2.137526294,-1.480196387
14.31296795,0.9568,-1.479075541
12.4398552,0.9568,-1.474665891
13.73496112,0.9568,-1.474264761
0.9038133395,0.9568,-1.471857061
12.16071268,-2.144830726,-1.469592173
0.5931236165,0.9568,-1.468855849
-2.102092599,0.4448811399,-1.463997088
-0.4255751517,0.9568,-1.459938494
1.124214885,0.9568,-1.456366884
14.83679511,0.9568,-1.455604276
10.43482605,-2.156085167,-1.453030197
10.82333518,-2.159140468,-1.448486258
12.77824428,-2.161172799,-1.445452224
-0.8202434423,0.9568,-1.442757899
0.7463040313,0.9568,-1.439807736
11.47291076,-2.165006752,-1.439703359
9.96781078,-2.166621759,-1.437271775
13.52404881,0.9568,-1.436512966
0.3822250644,0.9568,-1.435333795
15.08,-2.168908199,-1.433819104
11.18097809,-2.172312648,-1.428655927
-1.427524942,0.9568,-1.42027805
-2.074196339,-0.6750810222,-1.414911715
11.68542155,-2.183413561,-1.411632113
-0.09630016696,0.9568,-1.408730926
2.375648716,0.9568,-1.407023263
12.56048191,-2.186708938,-1.406521959
7.38776355,-2.193673275,-1.395635183
1.371387699,0.9568,-1.394290938
15.05070181,0.9568,-1.377025349
2.766865289,0.9568,-1.371980061
9.402810514,-2.211726578,-1.366845105
0.9598299956,-2.211932212,-1.366512309
11.99247286,-2.211937055,-1.36650447
12.27574783,-2.212992778,-1.36479411
11.83002577,-2.217099339,-1.358112853
12.41286365,-2.217509907,-1.35744238
-1.295369523,0.9568,-1.347610421
12.13318717,-2.224039284,-1.34671796
17.08772843,0.9568,-1.346684937
14.47850947,0.9568,-1.330275534
0.1484387911,0.9568,-1.327099359
13.80230172,-2.241424382,-1.31757988
1.736919222,-2.242356888,-1.315992244
0.6645070265,0.9568,-1.31433024
11.3831692,-2.243454883,-1.314119549
13.14363645,-2.244788513,-1.311840131
17.00531402,0.9568,-1.3114194
13.45524679,-2.246804973,-1.308383512
0.82351067,0.9568,-1.308030592
17.00850584,-1.155700097,-1.305841688
12.0434375,0.9568,-1.303742267
12.88953061,-2.252897609,-1.297864539
1.561998461,0.9568,-1.294420402
0.5180943161,0.9568,-1.292992016
11.56510104,-2.255965598,-1.292524359
13.41215985,0.9568,-1.290233332
11.58578305,0.9568,-1.288701216
15.63422923,0.9568,-1.283643827
14.20580021,-2.262012959,-1.281911608
14.13727845,0.9568,-1.280191136
13.64335827,0.9568,-1.278527412
0.9898105425,0.9568,-1.277336822
2.530201823,-2.265652104,-1.275468754
3.334338686,-2.265901317,-1.275025969
1.796851094,0.9568,-1.274389725
8.864123211e-15,-2.26906185,-1.269392895
16.90930674,0.9568,-1.26790204
12.67849853,-2.271018079,-1.26588976
5.448333965,0.9568,-1.265710194
4.070062638,-2.271888038,-1.264327784
14.86704778,0.9568,-1.262954697
13.12534683,0.9568,-1.262046025
4.886723192,-2.273590082,-1.261264499
14.67569102,0.9568,-1.259206715
11.73437916,-2.27697242,-1.255148038
12.50611598,-2.277687913,-1.253849182
13.89255097,0.9568,-1.252535798
14.33131153,0.9568,-1.240569663
12.19833355,-2.287698674,-1.235489692
12.04384206,-2.287789574,-1.23532136
11.89051353,-2.287952082,-1.235020351
12.3517095,-2.288051731,-1.234835728
11.01087104,-2.290622452,-1.23006048
15.26545685,0.9568,-1.228990313
0.3324215934,0.9568,-1.226141499
11.26332638,-2.297173732,-1.217781936
12.11960013,-2.35,-1.217544803
16.79684729,0.9568,-1.2175319
12.09438849,-2.65,-1.216833
12.18382014,-2.502662159,-1.213597734
8.731057095,-2.300690423,-1.211124922
12.02564727,-2.50320684,-1.208351124
0.7378261886,0.9568,-1.20210602
10.69061251,-2.305629456,-1.201695806
12.25104181,-2.65,-1.200367227
3.303284299,0.9568,-1.193248191
12.28250441,-2.35,-1.190779403
-0.06763929797,0.9568,-1.190009257
11.95685646,-2.35,-1.189801029
1.179253082,0.9568,-1.185901243
11.48127377,-2.314049414,-1.185400906
11.94033781,-2.65,-1.183728095
10.92729438,0.9568,-1.177448732
-2.315793185,-0.13473125,-1.174286769
0.8729680826,0.9568,-1.173500637
12.33852719,-2.502191851,-1.167797808
2.082057518,0.9568,-1.167404305
14.50390413,0.9568,-1.167045836
16.66282386,0.9568,-1.164871599
-0.715323546,0.9568,-1.158928584
10.3064955,-2.327746882,-1.158272184
11.8848199,-2.503400281,-1.158195852
10.21415814,0.9568,-1.152133419
6.61835357,-2.331162179,-1.151383036
15.02088912,0.9568,-1.150835971
-0.348716815,0.9568,-1.149225378
-1.087188257,0.9568,-1.143611614
11.64309467,-2.335901822,-1.141736694
1.383881337,0.9568,-1.138968065
-1.98646872,-1.2342206,-1.136064055
12.394833,-2.65,-1.135961504
12.78310096,-2.339017378,-1.135340348
12.99181591,-2.340375066,-1.132538984
12.60001614,-2.343650276,-1.125745701
12.74951923,0.9568,-1.121128179
13.52143295,0.9568,-1.120236346
0.6150671204,0.9568,-1.117547054
14.21871844,0.9568,-1.117547054
0.6150671204,1.01,-1.117547054
14.21871844,1.01,-1.117547054
15.7295143,-2.258260723,-1.112829581
11.81439626,-2.65,-1.112429773
11.81439626,-2.35,-1.112429773
11.96663081,-2.35,-1.112429773
12.12105331,-2.35,-1.112429773
12.27561379,-2.35,-1.112429773
12.42780522,-2.35,-1.112429773
-2.149999298,0.9568,-1.105457724
17.40308741,0.3806075006,-1.10381286
16.50817944,0.9568,-1.102182055
13.30465139,0.9568,-1.100555426
0.1393453861,0.9568,-1.099647638
14.82638865,0.9568,-1.098145728
0.472456978,0.9568,-1.09677805
14.07597923,0.9568,-1.096739624
0.7578090569,1.01,-1.096738811
14.36151016,1.01,-1.096723978
13.25521555,-2.357877893,-1.095633077
0.7700708703,0.9568,-1.09291411
14.37372684,0.9568,-1.092912593
0.4599793244,1.01,-1.092886697
14.06361424,1.01,-1.092881345
-1.48621404,-1.832446372,-1.092386434
4.633584372,0.9568,-1.084546163
13.72731357,0.9568,-1.083217294
8.38119388,0.9568,-1.083202852
1.030981304,0.9568,-1.081117293
12.46581085,-2.505471708,-1.079727869
-2.072703361,0.9568,-1.075753271
16.03216187,0.9568,-1.075446741
11.39377456,-2.367632826,-1.074390433
1.58725742,0.9568,-1.0687676
11.76359278,-2.513647406,-1.067101135
14.65063293,0.9568,-1.057940991
13.56239621,-2.375264448,-1.057411368
11.18236782,-2.378668412,-1.049731674
11.5668387,-2.38102166,-1.044383002
9.841995797,-2.381562149,-1.043149908
-0.1974709025,0.9568,-1.042830311
-1.98171054,0.9568,-1.041096632
16.65604152,-1.786800507,-1.040882829
-0.04975592843,0.9568,-1.032251401
12.51140438,-2.65,-1.030057961
15.18672671,0.9568,-1.0292429
0.3308327203,0.9568,-1.028899465
0.8994024704,1.01,-1.028829693
13.93436247,0.9568,-1.028815442
14.50311074,1.01,-1.028790315
0.9098664158,0.9568,-1.021395263
14.513553,0.9568,-1.021369517
13.92381305,1.01,-1.021317798
0.3201265184,1.01,-1.021292074
2.405268841,0.9568,-1.016659019
14.52781705,-2.394442825,-1.013234207
10.93417992,-2.395267385,-1.011283418
11.7155087,-2.395833021,-1.009942641
5.814057629,-2.397181129,-1.006738614
12.31293247,0.9568,-1.004903147
12.5321772,-2.399090332,-1.002180412
-1.875019994,0.9568,-1.000919414
11.70678035,-2.65,-0.9974374124
13.04861839,0.9568,-0.9952058821
12.69010081,-2.405237587,-0.9873358862
15.41032657,0.9568,-0.9845718621
13.4041497,0.9568,-0.9813680628
17.35708045,-0.7840585735,-0.979875897
12.5487141,-2.528391024,-0.9766740846
11.68924909,-2.532651136,-0.9695473485
13.54971695,0.9568,-0.9670260474
1.79790862,0.9568,-0.9651546579
12.86794572,-2.414391722,-0.9647344767
11.50332011,-2.416392036,-0.959713254
1.201548727,0.9568,-0.9578252354
10.62498539,-2.417435419,-0.9570820204
-1.750641292,0.9568,-0.9545324035
8.009769263999999,-2.422981172,-0.9429539962
14.97209158,0.9568,-0.9328868966
14.00709494,-2.428842328,-0.9277526309
14.77197945,0.9568,-0.9250490963
11.34590611,-2.430547946,-0.9232749756
0.2171702365,0.9568,-0.9203309208
1.012982293,1.01,-0.9203068858
13.82079769,0.9568,-0.9202995581
14.61665219,1.01,-0.9202824639
13.68439051,0.9568,-0.9202255655
0.04372315908,0.9568,-0.9185187791
13.07732959,-2.433724468,-0.9148689595
14.62426982,0.9568,-0.9099988918
1.020648332,0.9568,-0.9099575201
13.81310148,1.01,-0.9099079402
0.2093544684,1.01,-0.9097751228
-1.606408536,0.9568,-0.9015090633
1.403009349,0.9568,-0.89802607
12.5892506,-2.65,-0.893148041
-0.3285642757,0.9568,-0.8915988605
-0.1338134365,0.9568,-0.8889743088
-0.6138210984,0.9568,-0.8885731816
13.23498181,0.9568,-0.8869524356
-2.414463889,0.3914661997,-0.8815431595
17.51245049,-0.2741010959,-0.8763864466
11.13981999,-2.447973524,-0.8760283246
11.64660452,-2.448271046,-0.8751964836
12.59848786,-2.451463872,-0.8662129569
-1.001719263,0.9568,-0.8646410094
7.358706184,0.9568,-0.8637038851
-2.337582291,-0.7453822093,-0.8602990152
11.64027241,-2.65,-0.8546751466
11.87226863,0.9568,-0.8468040492
-0.6383522207,-2.376957922,-0.8381989511
13.32664368,-2.462491435,-0.8343476093
9.291309998,-2.463330981,-0.831865662
15.22313944,0.9568,-0.8306814042
12.74607065,-2.464305285,-0.8289749479
15.08,-2.465602117,-0.8251098108
10.26311804,-2.465633148,-0.825017079
11.49390166,-2.466712034,-0.821785703
13.41831218,0.9568,-0.8149440967
2.804798193,0.9568,-0.8138979295
12.820642,0.9568,-0.8000678833
0.6021517344,-2.474371409,-0.7984272864
1.569851766,0.9568,-0.7967886027
15.71765321,0.9568,-0.7939891929
3.911327616,0.9568,-0.793476954
13.57549144,0.9568,-0.7910679746
10.88902041,-2.47719781,-0.7896144707
2.035024285,0.9568,-0.7861986781
1.087270382,1.01,-0.7819370772
0.1428504873,0.9568,-0.7818986634
13.74650164,0.9568,-0.7818981823
14.69093778,1.01,-0.7818908644
12.92312482,-2.481427301,-0.776220684
14.69497677,0.9568,-0.769790282
1.091366764,0.9568,-0.7696609905
13.74241833,1.01,-0.7696595409
0.1386886428,1.01,-0.7694139238
11.31932342,-2.48375384,-0.7687436923
1.254568778,0.9568,-0.765051227
14.84349123,0.9568,-0.7432977655
-0.03906942294,0.9568,-0.7431982146
15.43449654,0.9568,-0.7417726499
12.62064821,-2.65,-0.7388149487
12.56332499,0.9568,-0.7370217368
1.409199967,0.9568,-0.7337085785
11.62115324,-2.496933287,-0.7247924962
1.295606689,-2.498220151,-0.7203444167
12.62109556,-2.499679273,-0.7152646588
13.0488077,0.9568,-0.7072329838
17.39218766,0.9568,-0.705919247
11.62147106,-2.65,-0.6983069315
13.61730561,-2.505052687,-0.6962119179
12.7924484,-2.505404052,-0.6949464264
-0.2429847303,0.9568,-0.6881703706
11.4562855,-2.50809627,-0.6851664757
9.311995737,0.9568,-0.6841116524
17.30523543,0.9568,-0.6822917999
13.11546108,-2.510005596,-0.6781385622
13.61424575,0.9568,-0.6777814893
6.099009012,0.9568,-0.676145417
11.12016555,-2.511272887,-0.673430386
16.19868659,0.9568,-0.6643056193
7.247006242,-2.513908222,-0.6635250206
10.6124404,-2.5141284,-0.6626902664
1.745013988,0.9568,-0.661600058
15.05674639,0.9568,-0.656874617
17.2013724,0.9568,-0.656167916
13.48244188,0.9568,-0.6541464051
2.104776793,-2.518105514,-0.647413795
2.870752158,-2.518220836,-0.6469650833
11.32745307,0.9568,-0.6397902692
-0.8057112317,0.9568,-0.6363743614
15.28432681,0.9568,-0.6321207459
0.115164714,0.9568,-0.6274255201
-0.4870570712,0.9568,-0.6273985356
1.114970751,1.01,-0.6273633563
13.71881302,0.9568,-0.6272721994
14.7186246,1.01,-0.6272334906
17.08006273,0.9568,-0.6261936761
4.50898274,-2.524746481,-0.6210114399
3.690214881,-2.525306112,-0.6187317993
1.30723066,0.9568,-0.6166888867
14.71870861,0.9568,-0.6144124012
13.71872832,1.01,-0.6144036187
1.115057201,0.9568,-0.6143976012
13.28853457,0.9568,-0.6142758957
0.1150785746,1.01,-0.6141626725
14.47365839,-2.527215367,-0.6108866404
1.503280338,0.9568,-0.6101131701
5.246323868,0.9568,-0.6085493673
11.31148381,-2.529811877,-0.6000432205
17.27341821,-1.261188633,-0.5985981798
9.832738496,-2.531370566,-0.5934332779
16.93997939,0.9568,-0.593175547
-2.125871981,-1.374873064,-0.5919395046
5.267371411,-2.532559192,-0.5883399876
12.92800763,-2.532860578,-0.5870411344
12.60250623,-2.65,-0.5824591085
11.49556053,-2.535417905,-0.5758958648
-2.530084273,-0.1755777636,-0.5725783978
11.64286564,-2.536382624,-0.5716320341
12.74394337,-2.538033126,-0.5642586749
12.59642751,-2.538441268,-0.5624197096
14.84644458,0.9568,-0.5607732997
16.77846824,0.9568,-0.5531512444
-0.08561520959,0.9568,-0.5525128222
2.366123721,0.9568,-0.5524040549
13.5908701,0.9568,-0.5496071269
16.24797369,-2.257104785,-0.5489220904
13.33215405,-2.541915066,-0.546505076
12.21147387,0.9568,-0.5446759276
11.6521589,-2.65,-0.5440721371
10.90354256,-2.54628163,-0.5257849956
12.80438275,0.9568,-0.5214628857
15.49180937,0.9568,-0.5110879989
13.44066396,0.9568,-0.5064947868
3.468737028e-15,-2.552106288,-0.4967428852
13.96018395,-2.552820663,-0.4930584766
8.680724658,-2.55370196,-0.4884734366
1.975486353,0.9568,-0.4799211791
3.264883798,0.9568,-0.4749162553
17.51674641,-0.7730413459,-0.4739978915
-2.370658476,0.9568,-0.4738271292
11.15780311,-2.556543729,-0.4733752856
1.223360412,0.9568,-0.4732714766
0.1367291417,0.9568,-0.4719696588
1.093355953,1.01,-0.4718082727
13.74045695,0.9568,-0.4717185573
14.69696596,1.01,-0.4716727828
0.02192570225,0.9568,-0.4691603438
13.08142448,-2.55907628,-0.4594873164
13.74436856,1.01,-0.4594578516
1.089404525,0.9568,-0.4594204396
14.693044,0.9568,-0.4593849178
0.1407881449,1.01,-0.4592452749
-2.287096651,0.9568,-0.4590318804
-1.186820736,0.9568,-0.4554116734
1.380958336,0.9568,-0.4529457366
15.21696265,0.9568,-0.4487478247
11.37691641,-2.561296102,-0.4469477346
14.99294833,0.9568,-0.4437417452
11.55311288,-2.561892051,-0.4435190205
-2.188964824,0.9568,-0.441678287
-0.2603674548,0.9568,-0.4413022685
12.53707622,-2.65,-0.4401224678
12.6836845,-2.563780363,-0.4324699424
12.861509,-2.563900628,-0.4317563764
11.71111505,-2.563969913,-0.4313447419
17.62067077,0.3455514196,-0.4307972348
6.55282393,-2.564692799,-0.4270255813
13.09568669,0.9568,-0.4254329202
10.2949284,-2.565014842,-0.4250868877
12.525394,-2.565300709,-0.4233583453
-2.074184712,0.9568,-0.4216784482
14.84050338,0.9568,-0.4210489304
8.298315607,0.9568,-0.4154791149
11.72875905,-2.65,-0.4075986776
1.607427309,0.9568,-0.3989471582
-1.941353298,0.9568,-0.3969548685
13.55823623,0.9568,-0.3924280251
-1.243081175,-2.253009104,-0.372423374
-1.787352189,0.9568,-0.3687983422
13.34342631,0.9568,-0.3644559135
-0.08163628276,0.9568,-0.3586417751
0.06774313765,0.9568,-0.3572522008
1.286364585,0.9568,-0.3549864148
-0.7427202116,0.9568,-0.3438562255
13.57705391,-2.577468262,-0.3415513956
10.66252629,-2.578271913,-0.3354309772
0.2055200942,0.9568,-0.3307174301
13.80925861,0.9568,-0.3305929657
1.024490846,1.01,-0.330541457
14.62808408,1.01,-0.3304586218
1.172851773,0.9568,-0.3296931168
12.43116508,-2.65,-0.3252969975
14.90900563,0.9568,-0.3205275363
13.81680948,1.01,-0.3201093494
14.62057827,0.9568,-0.3200429844
1.016919646,0.9568,-0.3200331094
0.2132811533,1.01,-0.3199432294
11.82036333,-2.580467338,-0.3181011325
12.41395276,-2.581177719,-0.312284508
14.77394186,0.9568,-0.3113717217
-0.4412339316,0.9568,-0.3097169383
11.60057836,-2.58159288,-0.308833615
12.55124047,0.9568,-0.3065312372
11.44460871,-2.581984305,-0.3055438608
15.5383426,-2.541055261,-0.3048937902
12.64675812,-2.582163603,-0.3040248801
10.52392448,0.9568,-0.3021120433
11.84365972,-2.65,-0.3015825336
1.401192803,0.9568,-0.2991776987
15.82174465,0.9568,-0.2991000078
11.75639849,0.9568,-0.2980993291
11.24030409,-2.583058702,-0.2963237106
10.97348746,-2.583224849,-0.2948717993
12.79485863,-2.583789075,-0.2898862134
13.26974415,-2.584116618,-0.2869517491
13.00117001,-2.584760692,-0.281091022
2.722268391,0.9568,-0.2690371628
13.68737978,0.9568,-0.2629860097
15.08931255,0.9568,-0.2620231377
9.344824409,-2.587831623,-0.2512518489
12.29496831,-2.65,-0.2487506506
11.9599928,-2.588505282,-0.2442139076
12.27294404,-2.588791493,-0.2411610262
11.69964221,-2.589122547,-0.2375803802
-2.459352298,-0.8094712216,-0.2373659998
11.98573123,-2.65,-0.2362206622
4.587242699,0.9568,-0.2351535715
13.53805571,0.9568,-0.2269378141
12.5355719,-2.590189252,-0.2256538048
12.14139471,-2.65,-0.2179590691
0.3147120862,0.9568,-0.2178135764
13.91848122,0.9568,-0.2177250776
0.9152757,1.01,-0.217703574
14.51883231,1.01,-0.2176324832
12.11623234,-2.590880741,-0.21757072
12.88153533,0.9568,-0.2156738843
-2.560344261,0.3997883625,-0.2116755305
13.9289607,1.01,-0.2100664363
14.50843356,0.9568,-0.210036139
0.9047758885,0.9568,-0.2100316194
0.3254067972,1.01,-0.2099971836
0.03539557033,0.9568,-0.1917822742
1.278814952,0.9568,-0.1887237728
15.38663245,0.9568,-0.1866387035
1.133908402,0.9568,-0.1820415085
2.227870283,0.9568,-0.1776818027
16.9297874,-1.818649817,-0.1754975998
13.7901519,0.9568,-0.1711696447
1.808943512,0.9568,-0.1689375354
14.38052446,-2.594701025,-0.1659113951
16.33400454,0.9568,-0.1641154991
14.67066738,0.9568,-0.1632877131
-1.76414152,-1.902980806,-0.1626922001
11.82608658,-2.594991781,-0.1612999024
1.011288446,0.9568,-0.1563408697
12.40540236,-2.595368006,-0.1551287033
-0.238646481,0.9568,-0.1543555334
11.53553803,-2.595440653,-0.1539084634
0.1996072737,0.9568,-0.1529877243
0.7488400269,-2.595534055,-0.1523252074
14.87531883,0.9568,-0.1495511705
5.836709518,-2.595814115,-0.1474756911
12.69428156,-2.59582122,-0.1473505814
15.08,-2.59592913,-0.1454371006
0.453552809,0.9568,-0.1443524568
14.05733549,0.9568,-0.1443076389
0.7763601305,1.01,-0.1442769783
14.37984557,1.01,-0.1442204795
14.06965828,1.01,-0.1402829034
0.7640595107,0.9568,-0.1402617438
14.36769565,0.9568,-0.1402570048
0.4661317839,1.01,-0.1402439373
13.19713857,0.9568,-0.1372075491
11.3264677,-2.596629325,-0.1323485826
1.492773185,0.9568,-0.1192674826
0.6084816499,0.9568,-0.1175904247
14.21219132,0.9568,-0.1175896594
0.6215590401,1.01,-0.1175892011
14.22506281,1.01,-0.1175873071
9.925987821,-2.597697477,-0.1093975315
11.08072869,-2.59773367,-0.1085346864
13.87284777,-2.598029963,-0.101194424
12.90493416,-2.598169167,-0.09755501389
11.96774705,-2.598682496,-0.0827604096
17.66094655,-0.3034945027,-0.08127725557
12.26176405,-2.598781733,-0.07958333185
13.42949655,0.9568,-0.07597565734
10.3807982,-2.599059705,-0.069918899
13.1748478,-2.599105804,-0.06818370655
13.46880008,-2.59921974,-0.06369256254
13.85516931,0.9568,-0.06138137669
0.3267706737,0.9568,-0.05955373995
10.7837187,-2.59932434,-0.0592703638
13.66565707,0.9568,-0.05846792281
-0.6588406313,-2.514469206,-0.05808300455
11.66782403,-2.599420745,-0.05487976419
-1.395258702,0.9568,-0.05266880848
0.9145304405,0.9568,-0.05194991578
12.54963213,-2.599617689,-0.04458553782
7.954903412,-2.599821377,-0.03047637633
1.270726553,0.9568,-0.02935698877
15.11443085,0.9568,-0.02611567806
12.10784382,-2.599876458,-0.0253456336
-0.9727241996,0.9568,-0.01854142378
1.086307855,0.9568,-0.01764819531
-0.5653702548,0.9568,-0.01488973827
14.71222308,0.9568,-0.009416221057
14.54023052,0.9568,-0.007705749127
0.1345083802,0.9568,0.001119270974
14.12098288,0.9568,0.01128143264
17.49751251,0.9568,0.01292467129
11.81823157,-2.599926471,0.0195536945
0.5054821761,0.9568,0.02458327015
17.40425966,0.9568,0.02467084452
12.64067478,0.9568,0.02959912385
17.29412252,0.9568,0.0325759762
17.16553654,0.9568,0.0413836887
11.48015052,-2.599647379,0.04281947047
7.130371993,-2.599617292,0.04460867532
12.22240129,0.9568,0.04586035013
12.39841618,-2.599567173,0.04743959343
14.24554639,0.9568,0.04755926535
17.01702141,0.9568,0.05492866838
15.64760109,0.9568,0.05627670019
12.75068483,-2.599312123,0.05980375508
1.682721585,0.9568,0.06144905456
3.788111531,0.9568,0.06405039084
-0.07695212502,0.9568,0.07176870979
16.84381363,0.9568,0.07273633989
11.30562789,0.9568,0.07375197496
0.7448709508,0.9568,0.07477826377
13.94815547,0.9568,0.07766439842
-2.587988168,-0.2362586338,0.08061699188
14.41697802,0.9568,0.1070845156
11.99112774,-2.597602036,0.1116407661
13.31468555,0.9568,0.1151494761
13.77249562,0.9568,0.1256908219
0.9828167936,0.9568,0.1262013884
11.2277587,-2.596859355,0.127755597
13.55447207,0.9568,0.1303635533
0.3527613169,0.9568,0.1321287766
13.01055248,-2.596556442,0.1337708629
12.20877468,-2.596553245,0.1338329125
14.61935196,0.9568,0.1416866121
2.497442271,0.9568,0.142550428
1.453473945,0.9568,0.1430453104
14.87494564,0.9568,0.1483675279
2.010699424,0.9568,0.1504013126
12.97552258,0.9568,0.1530997212
-2.209704994,-1.361143213,0.1565023725
15.3382562,0.9568,0.1585672683
11.64729529,-2.594972462,0.1616104009
12.56722819,-2.594863513,0.1633503797
6.656496776,0.9568,0.1660954236
15.9760649,0.9568,0.1674630752
1.206518465,0.9568,0.1679175716
3.066407624,0.9568,0.1706323093
2.512624824,-2.594113486,0.1748577191
17.46371668,-1.023382523,0.1748799463
5.08370128,-2.593890471,0.1781354097
14.08827242,0.9568,0.179283859
3.338888185,-2.59358915,0.1824700553
13.33530672,-2.592741933,0.1941372396
10.92745984,-2.592559406,0.1965597317
8.807976341,-2.592538962,0.1968291914
1.607022412,-2.59228692,0.20012127
-2.408701677,0.9568,0.2066155605
11.78281818,0.9568,0.2069255386
-2.320770556,0.9568,0.2077390145
-2.217248989,0.9568,0.2090778619
-2.095979063,0.9568,0.2104258749
-1.954172519,0.9568,0.2140925211
14.69168205,-2.591110078,0.2148221727
14.19421882,-2.591076483,0.215226989
-1.789004528,0.9568,0.2179898843
15.10351834,0.9568,0.2193873573
7.735365151,0.9568,0.2201913584
5.490254558,0.9568,0.2223664751
-0.3543270271,0.9568,0.2280702093
13.73590661,-2.589782899,0.2302705757
0.600029802,0.9568,0.2333446366
4.179996798,-2.589484891,0.233597942
11.81081151,-2.588786942,0.2412097979
0.130157945,0.9568,0.2424342779
16.07299205,-2.390423643,0.2446254206
14.26715806,0.9568,0.245552449
10.54501559,-2.587397979,0.2556788923
13.89287147,0.9568,0.262924595
12.39769568,-2.586328536,0.2662793681
11.42647162,-2.585194012,0.2770774589
14.48774152,0.9568,0.2774785021
9.501504215,-2.584565335,0.282881656
12.79952932,-2.583917945,0.2887352619
16.38560162,0.9568,0.2887486288
10.07954796,-2.583643408,0.2911816248
17.6429268,0.3198091901,0.2985436585
0.8551242186,0.9568,0.3036261499
1.099809425,0.9568,0.3091467405
-0.1203272381,0.9568,0.3094595933
8.716449086,0.9568,0.318829963
1.703030594,0.9568,0.3215688192
13.68925336,0.9568,0.3247185778
12.02630847,-2.579559861,0.3253781227
-2.2797946200000007e-15,-2.579420689,0.3264795654
13.45524424,0.9568,0.3510660241
13.21986145,0.9568,0.3555262493
-1.242607626,0.9568,0.3615572572
14.69420357,0.9568,0.3630890952
11.61703924,-2.574348049,0.364324199
12.22238699,-2.574279562,0.3648078099
12.5932871,-2.572525694,0.3769768579
0.4159958841,0.9568,0.3887533256
-0.7068703912,0.9568,0.3942037773
12.56678504,0.9568,0.4088554519
1.370475563,0.9568,0.4089421642
13.07624098,-2.565844206,0.4200517965
11.14140853,-2.564816552,0.426281662
15.2277828,0.9568,0.4295992646
14.95049185,0.9568,0.4331687722
14.08907925,0.9568,0.4404663754
14.42075821,0.9568,0.453645026
15.57696091,0.9568,0.462851171
6.433392673,-2.558144093,0.4646491149
-2.414385573,-0.8447255096,0.4660269525
2.280554181,0.9568,0.469005372
-2.53492116,0.3296258558,0.4748910474
13.8445961,0.9568,0.4764253905
1.966363351,0.9568,0.4995687008
0.7334415656,0.9568,0.5045391685
-1.789489626,-1.812247519,0.5229587057
14.47419482,-2.546526976,0.5245954246
-1.195744179,-2.248233982,0.525014113
1.047235794,0.9568,0.5279729906
11.76947275,-2.545473943,0.5296814181
11.44517742,-2.544197201,0.5357803679
12.44183377,-2.54413717,0.5360653487
12.98882319,0.9568,0.5385248685
5.765820475,-2.542891407,0.541943994
10.7773884,-2.54276868,0.5425195295
-0.2874366704,0.9568,0.5609810866
12.16273479,0.9568,0.5619932931
15.08,-2.538399089,0.5626100453
0.105995472,0.9568,0.5641224796
12.79918233,-2.535814814,0.5741456509
14.00897177,-2.533261752,0.5853075217
12.11567189,-2.532857935,0.5870525351
13.63614031,0.9568,0.5880688861
13.50113519,-2.529201396,0.6026112347
0.8672473669,-2.525737639,0.6169678906
13.36503166,0.9568,0.6197911566
10.32118043,-2.523816884,0.6247786293
14.68972953,0.9568,0.6302807034
16.98122327,-1.656533166,0.6334413661
2.699929672,0.9568,0.6411520777
16.09100314,0.9568,0.6564522032
17.57207787,-0.331886401,0.6628719971
9.751418741,0.9568,0.6689702647
11.60971755,0.9568,0.6833080702
1.723026754,0.9568,0.6928434864
-0.5166060805,-2.451894297,0.6937813149
14.28646806,0.9568,0.697785934
16.68350112,0.9568,0.7086536672
16.87102248,0.9568,0.7153998225
17.02978771,0.9568,0.7229743734
17.16473251,0.9568,0.7352148733
17.28001454,0.9568,0.7453427073
15.11919073,0.9568,0.7464314358
17.37920105,0.9568,0.7471333693
13.11369067,-2.488896254,0.7519278139
9.766468784,-2.486834492,0.7587187944
13.939073,0.9568,0.7631468854
0.4811070067,0.9568,0.7678077322
11.57358512,-2.48208939,0.774100935
10.83965734,0.9568,0.7911707908
-2.458036469,-0.3018328815,0.791804035
4.48465845,0.9568,0.8031919129
12.71319381,-2.471533027,0.8071706741
-1.596331527,0.9568,0.8107242361
11.14643479,-2.470204351,0.8112277524
8.312187804,-2.468702811,0.8157857759
9.077797115,-2.468638516,0.8159803164
-0.998200873,0.9568,0.8173391312
7.377973715,-2.466560045,0.8222417802
-0.5305890959,0.9568,0.8245290402
-0.1740446971,0.9568,0.8271882549
12.33541295,-2.464542715,0.8282688005
-1.771917734,0.9568,0.8315649385
12.64250086,0.9568,0.8350581556
11.92751381,-2.461392898,0.8375828318
-1.921445305,0.9568,0.8489878547
-2.055416296,-1.345596766,0.8512538961
1.336229137,0.9568,0.8544537774
-2.0480735,0.9568,0.8658564235
-2.155698633,0.9568,0.8802492682
2.197930884,0.9568,0.8811515825
5.336634332,-2.444999293,0.8842954578
0.9005840656,0.9568,0.8870572413
-2.246787337,0.9568,0.8924575179
4.611686694,-2.432972875,0.9168658507
3.433519243,0.9568,0.9337545113
3.795320332,-2.423505695,0.9416050896
15.71638354,-2.334045335,0.9524958585
13.13991981,0.9568,0.9580871554
14.6595303,0.9568,0.9601937048
10.63828335,-2.412312524,0.969921793
13.80017045,-2.411407907,0.9721686616
2.984420118,-2.41017232,0.9752278635
13.61075094,0.9568,0.9914381073
2.166778058,-2.402239763,0.9946075217
14.28095198,0.9568,1.00172819
6.106109144,0.9568,1.004090172
17.27315008,-0.9696770031,1.004897623
0.1362141603,0.9568,1.01278717
8.221263422,0.9568,1.019499312
14.39156558,-2.391325876,1.020568741
15.63928248,0.9568,1.022226563
12.98009446,-2.389089469,1.025793112
1.348747214,-2.388648571,1.026819364
7.181778699,0.9568,1.077007269
-1.514331923,-1.816049741,1.081093042
16.39919567,-1.959432947,1.086436974
8.99330852,0.9568,1.087549114
17.41851864,0.3255941099,1.088723585
5.297813602,0.9568,1.103773233
12.60894867,-2.351690267,1.108852059
10.09396236,-2.350367152,1.111653835
13.37768986,-2.348962779,1.114618258
-7.845172259e-15,-2.344740433,1.123473319
-2.187351835,-0.8206787011,1.14104269
11.61827791,-2.324600036,1.16457489
-0.7237099182,0.9568,1.173403097
-0.2975090004,0.9568,1.173905828
6.647294223,-2.319428785,1.174840462
5.979960991,-2.313140399,1.187173742
14.02945057,0.9568,1.187926413
12.15419896,0.9568,1.192489091
1.763400744,0.9568,1.193404688
12.19508629,-2.30778696,1.197547221
-2.262441099,0.3483946073,1.232875285
16.86538115,-1.423301613,1.243634453
0.6594220948,-2.282076872,1.245843148
0.5922760437,0.9568,1.250872216
15.08,-2.276975026,1.25514331
2.727748126,0.9568,1.259413676
11.41833753,0.9568,1.273430135
-0.7747334391,-2.124421025,1.283208248
15.09081113,0.9568,1.284570379
16.28509504,0.9568,1.285663607
9.467214023,-2.253384945,1.29701823
11.0567462,-2.249791288,1.303241789
16.4913057,0.9568,1.321928816
-1.192231172,0.9568,1.339191805
12.8436896,0.9568,1.351335093
16.66227912,0.9568,1.353816132
12.94413121,-2.205049454,1.37759098
-1.382518453,0.9568,1.387186357
16.80343493,0.9568,1.387532395
10.93092934,0.9568,1.395339378
14.4899898,0.9568,1.399062051
-2.178027809,-0.2031706682,1.405317239
13.77630485,0.9568,1.410411908
13.38882422,0.9568,1.413359526
16.92316141,0.9568,1.415758187
1.21130257,0.9568,1.418321603
2.224906266,0.9568,1.418563159
8.713476605,-2.176060361,1.422941075
-1.542037985,0.9568,1.427184931
17.02707409,0.9568,1.432981591
5.077834368,-2.167504553,1.435940115
17.21771682,-0.3382476914,1.440748176
13.80415913,-2.154680893,1.455111765
-1.751458963,-1.253888463,1.456075281
10.48448851,-2.153959163,1.456179908
-1.675144833,0.9568,1.462687803
-1.787312183,0.9568,1.492713674
0.105516731,0.9568,1.494152983
7.906666834,-2.118197889,1.507726004
-1.881570639,0.9568,1.517967618
15.75489818,-1.999304366,1.518978109
12.50646458,-2.106827909,1.523573484
4.185437585,-2.102406995,1.529668209
3.369187588,-2.090358256,1.546092611
14.07899536,0.9568,1.561777183
13.24220459,-2.076358161,1.564844014
11.49362435,-2.076122397,1.565156795
2.566363803,-2.061043871,1.584959988
7.143632468,-2.058342166,1.588467037
1.768029328,-2.040827073,1.610908085
11.97675296,-2.039345535,1.612783244
14.45164636,-2.031960279,1.622078119
0.9709304215,-2.026330359,1.629105667
9.864304858,-2.024698728,1.63113306
6.384545072,-1.984820832,1.67943034
16.32991552,-1.526055948,1.693772248
15.67298796,0.9568,1.694945085
7.966243046,0.9568,1.698065951
8.745737363,0.9568,1.702836711
7.191551283,0.9568,1.702953676
-0.6028925079,0.9568,1.711918218
-1.085899218,-1.624464481,1.715207871
6.41542882,0.9568,1.716067454
9.537657142,0.9568,1.719765129
16.7942611,-0.9244379925,1.722417859
-1.85028844,-0.5770096344,1.733058732
5.62222256,0.9568,1.733300079
10.34564915,0.9568,1.743139731
4.808036725,0.9568,1.757103306
10.95936832,-1.909672956,1.764411858
15.90261211,0.9568,1.769110537
11.12266088,0.9568,1.773305472
4.01683973,0.9568,1.788082987
-0.8121170842,0.9568,1.793576999
-1.2560748250000002e-14,-1.877344982,1.79877064
11.85713629,0.9568,1.804843745
12.88646249,-1.871221755,1.805139647
5.553917369,-1.869745927,1.806668251
3.263412222,0.9568,1.825079863
9.184990591,-1.848094942,1.828809746
16.89697403,0.3287186888,1.830450603
16.09101671,0.9568,1.831635395
12.54828826,0.9568,1.838262032
15.08,-1.81955416,1.857208297
-0.9867482541,0.9568,1.861298781
2.549580292,0.9568,1.864190261
13.18909674,0.9568,1.871764264
14.96398433,0.9568,1.882869384
-1.770291286,0.2691073432,1.885112729
0.08627194987,0.9568,1.889496161
7.97514005,0.9568,1.889663478
16.24226992,0.9568,1.889865358
7.184977768,0.9568,1.893094583
8.770784958,0.9568,1.893274248
13.77293113,0.9568,1.89803074
1.885899252,0.9568,1.898095608
6.391914451,0.9568,1.902355464
9.580576624,0.9568,1.905655622
14.32584925,0.9568,1.913445972
5.580786546,0.9568,1.91452653
-1.130284026,0.9568,1.919052374
1.282974842,0.9568,1.91938481
10.40793387,0.9568,1.922337947
0.7159486481,0.9568,1.926904135
4.746973311,0.9568,1.931413155
16.36862072,0.9568,1.938176806
13.98809691,-1.72842279,1.94230653
11.20428163,0.9568,1.943848875
13.42687713,-1.725090554,1.945266712
10.33204275,-1.716345927,1.9529866
3.936124982,0.9568,1.953551471
12.35521463,-1.7126355,1.956241203
11.95810299,0.9568,1.966265859
-1.24954663,0.9568,1.967037375
16.47795466,0.9568,1.972373326
8.421291287,-1.692396841,1.973776313
3.164030398,0.9568,1.980252531
12.66895243,0.9568,1.990088407
15.19361454,0.9568,1.994032723
-0.1252543404,0.9568,2.002616614
-1.348449398,0.9568,2.00654379
-1.336091084,-0.9719560389,2.007526357
2.432423795,0.9568,2.008629563
4.692535111,-1.647901044,2.011074874
13.33048508,0.9568,2.013657071
11.61924377,-1.641455204,2.016339459
13.93802716,0.9568,2.031404944
1.750834933,0.9568,2.033096035
3.76282361,-1.619503708,2.034012719
7.671679738,-1.614660028,2.037859906
14.52235106,0.9568,2.0410699
2.965423999,-1.606312218,2.044446394
15.68831319,-1.483023045,2.047094944
1.12701085,0.9568,2.047930458
0.5312311738,0.9568,2.052377207
7.983964409,0.9568,2.053569255
7.178338105,0.9568,2.055762621
8.794011891,0.9568,2.055836038
6.369080405,0.9568,2.061621819
9.619674678,0.9568,2.063919667
5.541866439,0.9568,2.069357381
2.160797401,-1.573287875,2.069967454
10.46410308,0.9568,2.074820955
4.691796014,0.9568,2.08028539
11.27710483,0.9568,2.089183664
15.39086543,0.9568,2.090101121
6.923607265,-1.543335198,2.092394912
1.373181436,-1.54327697,2.092437859
16.58702485,-0.3282898915,2.093108178
3.865276793,0.9568,2.09503278
-0.3080606266,0.9568,2.100056916
0.595514807,-1.531160864,2.101320159
12.04701522,0.9568,2.104181314
9.636541388,-1.514804989,2.113141227
3.077338699,0.9568,2.113338452
12.77356591,0.9568,2.120250604
2.330833048,0.9568,2.133109246
13.45226361,0.9568,2.136179175
14.4516506,-1.466119072,2.147206293
14.0811238,0.9568,2.147959781
1.633712,0.9568,2.150214904
14.69571269,0.9568,2.154004574
16.14794603,-0.9762303662,2.160200348
0.9909353972,0.9568,2.160384978
0.3683619866,0.9568,2.163127207
-1.40693935,-0.307339431,2.164731886
15.55112817,0.9568,2.17681046
-0.4621317585,0.9568,2.184158914
5.351066084,-1.395447193,2.193792864
7.985543352,0.9568,2.195258969
8.805330007,0.9568,2.196626282
7.175330854,0.9568,2.196638346
6.356554189,0.9568,2.20025424
9.643405378,0.9568,2.20161948
5.517594158,0.9568,2.204989501
10.50204119,0.9568,2.208349339
4.653068253,0.9568,2.211649798
6.060260114,-1.365184807,2.212751781
-0.6133420009,-1.215735789,2.214903628
10.89866082,-1.359886745,2.216011742
11.33000018,0.9568,2.217269711
3.811237552,0.9568,2.220643324
12.11529665,0.9568,2.226579508
3.008414975,0.9568,2.23183457
12.8579895,0.9568,2.236595128
12.89406234,-1.313611579,2.243752353
2.247683641,0.9568,2.243906034
13.55314285,0.9568,2.246472845
15.68715571,0.9568,2.249638461
14.20064035,0.9568,2.253563328
1.535774504,0.9568,2.254240101
-0.5925392311,0.9568,2.254912244
14.84028214,0.9568,2.25692989
0.8754257724,0.9568,2.260106916
0.2280137553,0.9568,2.261274277
8.918995118,-1.276259111,2.265206984
-1.5935391160000003e-14,-1.245913045,2.282038712
15.80749573,0.9568,2.30548991
15.08,-1.200181608,2.306418025
16.22622126,0.3521456098,2.306982942
-0.7021572403,0.9568,2.313332871
7.98673132,0.9568,2.315898937
8.814624327,0.9568,2.316546953
7.171608092,0.9568,2.316664677
6.344825869,0.9568,2.318567395
9.663162603,0.9568,2.319001443
5.495878773,0.9568,2.320987919
10.53386273,0.9568,2.322310684
4.619199684,0.9568,2.324272164
13.79171967,-1.161010653,2.326382226
-1.104450816,0.3560627577,2.326673099
11.37459245,0.9568,2.326686176
3.764315457,0.9568,2.328527676
12.15436562,-1.15237853,2.330670231
12.17334344,0.9568,2.331247947
2.948785123,0.9568,2.333649478
12.92990596,0.9568,2.336163033
2.175837454,0.9568,2.339044242
13.6395033,0.9568,2.340952494
1.451338477,0.9568,2.343535341
14.30359318,0.9568,2.34424423
14.96609501,0.9568,2.345653085
0.7756846812,0.9568,2.345875139
0.1059967999,0.9568,2.346009937
10.19857351,-1.090367344,2.360317575
15.59079192,-0.9310868123,2.373219114
8.159519744,-1.06011694,2.374058144
4.156956166,-1.024834512,2.389500831
3.394601223,-1.012201444,2.394879587
4.946005905,-0.9976253145,2.400988074
2.581511398,-0.9956103855,2.401824298
1.785921336,-0.9705751408,2.412049729
-0.8553334245,-0.4392037067,2.41567896
7.420611369,-0.9596109947,2.416432647
-1.6881640850000003e-14,0.9568,2.417547054
0.6893749102,0.9568,2.417547054
1.378077259,0.9568,2.417547054
2.112660637,0.9568,2.417547054
2.895132723,0.9568,2.417547054
3.720280798,0.9568,2.417547054
4.584785135,0.9568,2.417547054
5.471100461,0.9568,2.417547054
6.329553868,0.9568,2.417547054
7.165798175,0.9568,2.417547054
7.989988451,0.9568,2.417547054
8.826784393,0.9568,2.417547054
9.685093707,0.9568,2.417547054
10.56643489,0.9568,2.417547054
11.4178129,0.9568,2.417547054
12.22728666,0.9568,2.417547054
12.99429461,0.9568,2.417547054
13.71571383,0.9568,2.417547054
14.39499627,0.9568,2.417547054
15.08,0.9568,2.417547054
11.4617523,-0.9536959865,2.418773236
6.651964757,-0.9406931273,2.423859823
0.8799352853,-0.9319595929,2.427231204
5.588118707,-0.9293962871,2.428213858
15.91603722,-0.3183351108,2.441250606
9.456935049,-0.8338034403,2.462675745
14.37440203,-0.737553083,2.493193825
13.26678974,-0.6706191862,2.512025061
15.63169374,0.1849100823,2.534056488
10.75179234,-0.5693388765,2.536898351
8.713231568,-0.5646402232,2.537948269
12.70273675,-0.5552819009,2.540012207
-0.4684739434,0.2539903527,2.544802756
-1.7820154270000002e-14,-0.4975579076,2.551947517
6.1793648,-0.4681954871,2.557497407
15.08,-0.463704337,2.558315518
13.78688748,-0.4535883895,2.560128429
9.995310852,-0.4413202502,2.562271734
11.99279762,-0.4182729854,2.56613478
7.748468823,0.3800434471,2.57207445
4.585778358,-0.3728580698,2.573125893
1.033726085,0.3582960812,2.575193957
1.780714449,0.3481167689,2.576589745
4.965052675,0.3471874981,2.576715126
5.403896632,-0.3443816746,2.577091629
11.76971399,0.3440737106,2.577132764
2.556784603,0.3408868835,2.577556233
3.787992953,-0.3396908247,2.577714131
2.98625206,-0.333597683,2.578509761
3.346376338,0.3293845917,2.579051335
2.186583999,-0.3280817496,2.579217394
6.544635164,0.3197172068,2.580267604
7.948224286,-0.3160087378,2.580724409
1.397873149,-0.3096529006,2.581494738
4.151932863,0.2968539154,2.582997823
15.08,0.2923675967,2.583509471
11.02014319,0.2865774683,2.584158152
5.824368599,0.2858605764,2.584237553
11.43965793,-0.2786874065,2.585020953
-1.805182344e-14,0.2777311992,2.585123862
8.44824795,0.2602014624,2.586947081
12.50574294,0.2448239784,2.588447647
0.6865173238,-0.2281786321,2.589968052
10.22576759,0.2128404594,2.591273613
13.34762799,0.1454421422,2.595928848
14.24238337,0.1197063784,2.597242843
7.167810066,-0.07160102518,2.599013908
9.335830554,0.05222636898,2.59947541
